ano_referencia,idh,idh_feminino,idh_masculino,expectativa_de_vida,expectativa_de_vida_feminina,expectativa_de_vida_masculina,expectativa_de_anos_escola,expectativa_de_anos_escola_feminina,expectativa_de_anos_escola_masculina
2012,0.679,0.2132053057466614,0.767224849057583,66.31,70.52,68.07,14.88,13.93,15.33
1998,0.757,0.023412341154010183,0.767224849057583,70.1,74.5,70.6,14.91,0.0,15.33
2013,0.766,0.6660046155516921,0.24421280337169676,69.79,77.19,72.2,15.7,12.4,4.51
1992,0.766,0.6326987129312239,0.767224849057583,70.71,78.47,72.02,13.35,10.46,15.33
2018,0.766,0.23435910777734487,0.5979619349729285,67.5,76.3,70.22,15.7,10.38,15.33
2013,0.668,0.0,0.744844806345452,71.64,77.27,72.2,14.48,9.31,15.33
2018,0.616,0.7613179789619121,0.767224849057583,73.52,78.47,64.31,15.7,0.77,15.33
2004,0.69,0.6404318200100633,0.767224849057583,66.31,72.74,71.64,14.04,0.0,6.88
2007,0.761,0.6082112370994527,0.705046376144552,71.55,76.5,70.45,14.82,11.99,8.43
1994,0.766,0.176227962158377,0.767224849057583,67.73,77.81,69.84,15.4,8.21,15.33
2005,0.766,0.0,0.6936957769014523,66.81,75.93,72.2,13.56,15.76,15.33
2014,0.616,0.7613179789619121,0.672112147770871,66.31,78.23,70.39,15.7,11.09,15.33
1995,0.766,0.7613179789619121,0.22346036878090292,72.78,78.28,63.95,15.47,0.0,15.33
2014,0.669,0.6119671273532991,0.767224849057583,69.07,78.47,70.83,14.69,16.08,14.14
1991,0.616,0.3240872175266983,0.767224849057583,73.81,69.33,70.55,14.56,9.09,15.33
2020,0.688,0.11634957298369034,0.767224849057583,72.93,78.47,66.51,13.12,13.28,15.33
2003,0.629,0.5537451972057353,0.6029381711900812,66.31,74.94,66.66,15.7,13.25,9.36
1999,0.766,0.6893051259384912,0.6039272021324967,68.9,73.68,69.8,14.44,0.0,0.15
2011,0.636,0.7613179789619121,0.3887593400532427,69.61,75.25,63.44,15.7,9.4,9.19
2003,0.616,0.7246441174073857,0.767224849057583,66.31,74.58,63.44,15.29,12.26,15.33
2006,0.721,0.03790451417613249,0.0,70.96,78.09,67.14,15.17,0.0,14.06
1995,0.616,0.6033614164140836,0.6477697874504426,72.5,69.33,63.88,15.69,11.24,11.77
1994,0.685,0.5804682060400764,0.0,72.75,71.39,72.2,12.37,8.76,15.33
2000,0.766,0.7328270644494049,0.6339412178682299,68.83,75.45,69.28,15.25,0.0,15.33
2019,0.693,0.6180739787677805,0.7609594907833681,69.79,78.47,72.2,15.58,9.38,4.25
2015,0.758,0.7613179789619121,0.767224849057583,74.75,69.33,67.7,15.7,12.2,15.2
1992,0.765,0.7613179789619121,0.767224849057583,74.16,72.48,64.45,15.7,0.0,0.0
2004,0.627,0.04030977641263496,0.767224849057583,66.31,78.47,72.2,12.8,0.0,15.33
2006,0.766,0.6744608359335434,0.767224849057583,66.31,74.97,69.09,14.39,11.7,8.02
2002,0.672,0.7497100701254849,0.767224849057583,69.34,74.35,68.35,15.41,11.79,15.33
2014,0.618,0.05979988047746918,0.7244762970709703,72.53,75.69,68.17,15.7,14.84,12.95
2013,0.653,0.4659977545478387,0.767224849057583,66.31,77.25,72.2,15.7,14.0,15.33
1995,0.766,0.0,0.767224849057583,69.13,78.37,72.2,13.68,0.0,15.33
2015,0.766,0.7317090594118127,0.767224849057583,73.23,75.38,68.38,15.69,8.93,15.33
1992,0.755,0.4211086843254849,0.6032907387482206,73.43,75.88,69.23,15.55,11.24,15.33
2005,0.686,0.7613179789619121,0.7146281731109602,66.64,77.23,68.79,15.7,0.0,15.33
1999,0.632,0.714034270512807,0.7160785137678395,71.58,75.91,70.3,14.59,0.0,12.46
2011,0.662,0.7613179789619121,0.767224849057583,72.29,78.47,68.2,13.45,11.5,3.72
2001,0.687,0.0,0.647981786661558,66.31,74.98,64.98,15.43,0.0,10.5
1999,0.625,0.7270946565006685,0.767224849057583,69.12,78.04,70.94,15.7,0.0,3.82
2011,0.666,0.6292655403497891,0.767224849057583,73.21,78.47,71.82,15.51,12.77,6.94
2008,0.695,0.7020663727630282,0.7586608478172161,72.01,74.84,70.44,14.33,8.21,14.18
2007,0.732,0.7109771397184239,0.7325392098773919,71.72,77.54,69.56,14.09,0.0,7.23
2014,0.766,0.7613179789619121,0.5401524343599293,72.28,78.18,71.15,15.62,2.98,15.33
2010,0.661,0.34061867380367883,0.709875849232538,75.34,69.33,72.2,14.88,0.0,15.33
2007,0.766,0.4409470518460864,0.6635583489605333,70.07,77.54,67.21,15.7,2.75,13.43
1993,0.754,0.7613179789619121,0.0,72.37,78.33,72.2,14.82,0.0,7.8
2005,0.686,0.7439098798167753,0.0,70.61,78.37,67.43,15.29,14.89,4.21
2002,0.743,0.7549420230481199,0.3678619932776142,66.31,78.02,68.25,15.7,0.0,11.9
2021,0.63,0.7613179789619121,0.767224849057583,72.58,76.97,72.2,15.02,11.67,15.33
1991,0.682,0.6114216021358583,0.767224849057583,66.31,73.56,67.89,15.44,9.13,9.1
2016,0.649,0.0,0.767224849057583,67.18,74.93,69.58,14.53,15.09,15.33
2001,0.693,0.6215087786643906,0.0,69.76,75.23,65.22,13.5,14.81,3.31
2017,0.766,0.7613179789619121,0.7296745925719288,70.48,69.33,66.33,12.62,10.86,15.32
2005,0.766,0.45363198323087583,0.6866391285587897,75.34,77.38,70.35,15.06,11.64,15.33
2020,0.668,0.7613179789619121,0.6574483216955748,66.31,76.01,64.59,15.7,9.42,15.33
2001,0.667,0.6035050181978278,0.7101733667994709,68.05,73.93,72.2,13.45,14.74,0.0
1993,0.747,0.7613179789619121,0.16233432646138515,66.31,76.26,66.49,15.27,13.7,13.21
1993,0.682,0.6389661592803629,0.767224849057583,68.9,76.62,66.37,15.7,14.65,11.66
1994,0.616,0.7592477790021498,0.6969673411338784,66.31,77.39,68.61,14.53,11.51,0.0
1998,0.766,0.3100677730336248,0.767224849057583,66.44,74.95,71.37,12.33,0.0,7.7
1993,0.702,0.7613179789619121,0.5147562152841477,70.78,78.47,65.55,15.18,11.44,8.67
1999,0.678,0.7613179789619121,0.767224849057583,66.31,76.38,63.44,15.7,10.15,15.33
2016,0.753,0.0,0.6113434544096847,68.04,77.7,72.2,12.6,2.68,7.45
2021,0.766,0.733198742064717,0.5417243142694825,70.35,77.93,70.74,14.6,11.14,12.7
1998,0.766,0.5583946825149891,0.3321034869066381,72.32,78.47,70.85,13.31,9.7,7.47
1995,0.745,0.657866078701782,0.767224849057583,72.08,73.16,66.65,15.7,3.79,6.69
1992,0.616,0.7613179789619121,0.7210763020197021,73.74,78.47,69.07,15.7,12.48,5.43
2002,0.762,0.7613179789619121,0.750236807805428,67.48,77.65,69.71,15.7,0.0,15.33
2020,0.659,0.7613179789619121,0.0,70.82,69.33,68.18,12.66,0.0,5.58
2000,0.616,0.7229900671412968,0.767224849057583,70.9,76.3,64.14,14.19,0.0,0.31
2012,0.616,0.13589306841482113,0.6787578033438435,69.27,73.33,71.5,15.22,14.43,14.95
1991,0.752,0.7613179789619121,0.767224849057583,69.03,74.68,64.11,15.53,10.65,10.94
2017,0.704,0.6537213830477206,0.767224849057583,72.04,76.1,63.44,15.51,0.0,14.35
2018,0.766,0.239663087420456,0.5724849346409744,72.5,77.37,72.2,15.7,11.04,6.13
1996,0.756,0.7613179789619121,0.74449549904382,71.82,78.47,72.2,15.7,13.46,10.95
2013,0.74,0.7613179789619121,0.767224849057583,71.61,78.47,72.2,12.71,7.85,15.33
1993,0.757,0.6775533991561157,0.6503553536237741,66.31,78.47,64.96,15.7,9.05,14.8
1996,0.766,0.7613179789619121,0.767224849057583,66.31,74.73,71.12,13.85,11.79,8.83
2017,0.766,0.7585438803108753,0.15365504596159574,70.48,77.99,69.89,15.38,8.82,13.18
2000,0.616,0.7613179789619121,0.0,72.45,77.47,69.74,14.99,10.74,2.83
2002,0.695,0.7613179789619121,0.767224849057583,66.31,70.05,72.2,15.7,0.0,1.34
2004,0.664,0.7613179789619121,0.767224849057583,67.69,74.36,67.11,15.7,0.0,7.86
1996,0.735,0.0,0.7066738410693225,68.07,76.34,64.1,14.76,11.56,15.33
1994,0.741,0.7613179789619121,0.6060337876915767,68.74,75.92,64.8,15.7,11.01,15.33
2004,0.626,0.3266820448263268,0.767224849057583,70.1,74.4,63.44,15.7,0.0,12.8
1991,0.748,0.5864687375785531,0.06400006739394232,70.46,76.7,70.03,13.28,0.0,15.33
1994,0.659,0.7613179789619121,0.42902255283451757,66.31,78.47,63.44,15.7,11.16,15.33
1996,0.647,0.7613179789619121,0.767224849057583,71.67,76.19,68.73,15.64,7.99,15.33
1993,0.761,0.11424760689294104,0.767224849057583,69.56,77.68,65.18,13.8,13.28,15.33
2012,0.766,0.0,0.0,67.62,73.46,67.55,15.49,11.24,10.19
2000,0.739,0.7613179789619121,0.713344706885256,72.56,71.93,67.48,15.29,7.53,10.82
1992,0.746,0.5959789430726598,0.767224849057583,74.2,72.94,65.11,14.55,11.72,15.12
2019,0.698,0.7440475694122926,0.29341053597715366,72.46,77.72,71.04,15.7,0.0,7.75
2009,0.737,0.7613179789619121,0.7272585671064549,66.31,78.11,66.68,15.58,12.15,15.33
2002,0.766,0.20677671455151292,0.7231134243649784,69.28,78.47,69.9,15.7,0.0,15.33
2001,0.727,0.7567899184539909,0.767224849057583,73.45,70.58,67.6,14.1,10.35,12.18
1993,0.766,0.5919186980518153,0.767224849057583,75.34,76.93,65.86,15.55,11.5,4.06
2017,0.708,0.747202231099028,0.4731888055706408,75.06,75.3,72.2,15.7,0.0,15.33
2015,0.616,0.32937597214251735,0.7433647604332776,66.7,72.6,68.41,15.7,10.69,4.16
1994,0.616,0.03283722593606156,0.767224849057583,71.12,78.47,70.37,15.7,10.07,15.33
2007,0.723,0.5545223280067251,0.3460616900777152,70.27,74.07,63.44,15.7,10.76,8.35
1999,0.766,0.7613179789619121,0.7322330007495984,70.72,76.94,63.44,15.7,0.0,0.0
1997,0.766,0.5547110614451516,0.0,70.11,74.41,68.59,15.15,9.39,15.33
2004,0.72,0.7613179789619121,0.6937886824207483,75.34,78.47,69.23,13.13,12.47,12.26
2012,0.712,0.7613179789619121,0.6711946390740587,71.25,72.7,64.01,14.79,14.63,4.14
1994,0.705,0.7160112330852269,0.30125574923305204,66.31,78.33,63.44,15.7,13.24,14.71
1998,0.708,0.3521474137031019,0.767224849057583,74.16,75.12,69.44,15.3,12.11,8.08
2000,0.679,0.602328270301915,0.2343763542141044,66.31,77.58,63.44,14.92,15.12,15.33
2015,0.766,0.7613179789619121,0.767224849057583,67.24,74.79,66.64,14.14,9.36,12.99
1999,0.627,0.0,0.767224849057583,69.49,75.54,63.44,15.7,13.57,9.45
2004,0.616,0.6911646832819811,0.0,66.31,74.21,67.8,15.7,10.07,14.97
2001,0.766,0.668875102935699,0.767224849057583,72.32,78.47,66.93,15.7,12.42,15.33
1994,0.689,0.7613179789619121,0.4850864425456347,71.46,78.47,68.97,15.7,10.66,6.64
1991,0.766,0.7613179789619121,0.509282616029977,72.45,72.84,72.05,15.68,7.92,7.57
2021,0.616,0.7613179789619121,0.26709769936252026,71.47,78.47,69.98,14.21,0.0,15.33
2002,0.69,0.7613179789619121,0.767224849057583,72.63,77.07,71.27,14.33,8.22,12.8
2011,0.646,0.7124171656609476,0.5482577857720218,70.55,69.33,72.2,15.42,9.28,15.33
1995,0.686,0.7434122228361911,0.0,66.94,76.88,66.74,15.45,13.32,2.09
2016,0.622,0.7613179789619121,0.591446044094087,68.95,76.41,67.39,15.7,0.0,5.29
2016,0.67,0.5788952010453223,0.767224849057583,70.6,76.25,72.2,15.7,8.97,0.0
2021,0.652,0.7613179789619121,0.767224849057583,70.03,73.35,71.7,15.7,14.24,15.33
2017,0.643,0.751366314047552,0.6983165862034928,67.78,78.19,68.09,15.7,9.72,15.33
1994,0.634,0.7613179789619121,0.6400959690135946,72.22,78.47,71.66,15.7,12.34,4.3
2002,0.725,0.7613179789619121,0.6261263240643588,72.84,72.6,64.83,13.55,8.83,4.92
2004,0.683,0.5909160494650547,0.767224849057583,67.8,73.26,67.15,14.5,13.88,9.37
2010,0.7,0.6444205568216211,0.7377444231061611,75.0,77.8,71.98,15.7,0.0,15.33
2021,0.652,0.7613179789619121,0.767224849057583,66.31,78.47,67.11,15.7,10.16,10.73
1998,0.728,0.7473430202031256,0.0,74.46,77.42,63.52,15.5,8.2,13.18
1997,0.741,0.44077427334810704,0.767224849057583,66.83,77.37,70.28,15.45,7.21,0.0
2002,0.616,0.7254219799148391,0.767224849057583,75.34,75.55,69.53,15.7,7.98,15.33
2020,0.75,0.7613179789619121,0.40268877225596256,74.14,74.85,67.02,15.5,8.0,15.33
1991,0.711,0.7613179789619121,0.6654102925683215,72.69,78.47,71.68,15.7,2.54,15.33
2011,0.662,0.0,0.767224849057583,66.31,73.29,72.2,12.49,10.23,15.33
1992,0.647,0.7613179789619121,0.5511114829868597,66.31,71.43,69.26,15.42,9.81,14.28
1995,0.638,0.7613179789619121,0.7219937296522703,69.26,73.96,65.81,13.07,0.0,15.33
2005,0.715,0.555327146580302,0.0,67.35,69.33,71.37,14.02,11.21,3.1
2014,0.653,0.15050568075598858,0.767224849057583,74.56,75.73,71.47,14.56,0.0,12.48
2018,0.699,0.7613179789619121,0.767224849057583,72.17,78.47,70.43,14.82,7.41,15.33
1999,0.764,0.6835515248437397,0.0,68.34,77.04,71.32,15.7,13.07,0.99
2019,0.764,0.7453002508781844,0.1544167455480625,66.31,77.43,71.28,15.47,0.0,15.33
2006,0.759,0.62271608847588,0.767224849057583,72.87,73.28,67.0,15.7,14.23,0.13
2020,0.766,0.18895365210935527,0.767224849057583,71.25,75.3,71.35,14.4,12.56,0.0
2011,0.654,0.0,0.767224849057583,74.79,77.99,66.46,15.35,11.4,10.05
1995,0.658,0.7613179789619121,0.7370289987264658,68.35,73.8,67.63,15.7,7.55,0.0
2009,0.766,0.6976527493738228,0.38415848776626144,74.52,73.39,72.2,15.38,16.08,15.33
2008,0.7,0.7613179789619121,0.767224849057583,66.31,70.24,70.32,13.98,0.0,15.33
2009,0.616,0.7613179789619121,0.7417886194922766,66.31,69.33,67.98,12.86,0.0,15.14
2011,0.655,0.7613179789619121,0.6381130963343513,68.27,78.47,69.84,15.7,13.14,15.33
2002,0.766,0.33599383632514856,0.767224849057583,71.79,77.39,71.73,15.7,12.1,9.74
2008,0.676,0.7613179789619121,0.38984823743481356,71.62,69.33,67.17,14.79,6.55,15.33
2019,0.709,0.7613179789619121,0.767224849057583,70.65,69.33,68.38,15.22,8.9,15.12
2009,0.758,0.4725509908440007,0.5332749556834256,71.4,75.04,72.2,15.66,9.53,10.63
1998,0.616,0.4349578976924198,0.4908782145361296,69.58,73.36,65.75,13.97,11.49,4.02
2016,0.707,0.36819170834649756,0.759046168277754,67.42,75.86,68.62,14.64,14.4,0.0
2002,0.731,0.7493775914888472,0.767224849057583,71.35,78.47,68.16,15.7,8.48,12.56
2005,0.766,0.6077855127179042,0.767224849057583,71.43,70.39,68.64,15.7,7.68,5.27
2012,0.721,0.0,0.767224849057583,69.22,78.47,72.2,15.7,16.08,15.33
2000,0.704,0.5972370098981246,0.5459810419429338,71.52,76.04,72.2,15.68,11.1,13.97
1991,0.766,0.7613179789619121,0.14433333023362926,67.45,78.32,71.08,14.39,0.0,7.45
2010,0.65,0.6761345705669194,0.5617983679946146,72.77,69.44,68.4,14.76,0.0,15.33
2010,0.743,0.7015829906438449,0.0,68.08,78.47,71.41,13.64,12.21,0.0
2019,0.732,0.7613179789619121,0.5172851367115074,66.31,76.52,70.68,15.63,13.08,15.33
2018,0.616,0.7041094464778583,0.5505770956987279,66.31,75.98,66.4,15.7,16.08,15.33
1992,0.721,0.5566289753059491,0.767224849057583,68.25,73.52,63.44,12.75,0.0,15.33
2002,0.634,0.7613179789619121,0.767224849057583,68.56,73.32,67.84,15.7,14.47,15.33
2019,0.766,0.7613179789619121,0.767224849057583,66.31,73.91,63.44,14.62,10.12,15.05
2000,0.641,0.7613179789619121,0.767224849057583,73.34,76.89,66.49,15.38,8.68,15.33
2005,0.754,0.6239188909755529,0.767224849057583,72.98,75.85,66.51,12.56,13.94,0.03
2002,0.681,0.0,0.7668946934256504,73.61,74.27,63.44,14.39,0.0,15.13
1992,0.67,0.19990221252159585,0.767224849057583,66.31,76.55,69.9,13.33,9.51,7.83
1996,0.632,0.7613179789619121,0.767224849057583,74.57,77.43,69.64,13.17,7.13,15.33
2014,0.766,0.6381543455929928,0.7263080763165176,66.31,74.72,71.35,15.7,11.59,4.52
1996,0.766,0.7613179789619121,0.767224849057583,67.26,72.19,69.4,14.44,0.0,5.24
1997,0.641,0.10469242587116197,0.767224849057583,66.31,78.47,66.91,13.07,9.36,11.24
2020,0.616,0.7613179789619121,0.7444692725500174,70.08,73.61,70.84,14.86,12.04,15.33
1996,0.766,0.7613179789619121,0.01633007413706462,66.69,78.47,70.27,14.55,13.09,14.78
1994,0.76,0.1373697489130472,0.767224849057583,67.8,78.47,71.62,15.7,9.86,0.0
2013,0.737,0.0,0.767224849057583,72.55,78.47,69.15,15.7,8.58,12.87
2013,0.662,0.7613179789619121,0.5550076133203219,69.86,72.04,68.32,14.4,7.4,10.92
2017,0.765,0.7613179789619121,0.52166453241276,66.31,72.95,68.3,15.7,13.66,4.53
2020,0.709,0.6496986423733808,0.5984817483838702,66.44,78.47,70.34,15.7,14.14,11.64
1995,0.616,0.5436391367967873,0.5524261506902113,70.65,78.01,67.13,15.17,0.0,15.33
2001,0.766,0.6223200596694551,0.767224849057583,75.34,78.47,72.2,15.43,11.64,3.53
1993,0.738,0.7289702908985793,0.767224849057583,72.22,77.29,63.44,15.7,16.08,14.52
2009,0.739,0.7613179789619121,0.682285881374652,72.77,69.33,69.25,15.7,11.69,15.02
2003,0.766,0.22191653270242906,0.767224849057583,69.48,76.9,63.44,14.57,13.29,0.0
2009,0.726,0.0,0.0,66.31,78.47,65.06,15.41,0.0,11.4
1994,0.76,0.5980895357331362,0.767224849057583,68.6,78.47,72.2,14.18,0.86,4.64
2014,0.616,0.0,0.7314728628067645,66.31,76.42,63.44,14.82,12.48,15.33
1995,0.766,0.7613179789619121,0.767224849057583,66.31,78.47,69.46,12.73,8.19,15.33
2019,0.766,0.7613179789619121,0.767224849057583,75.02,78.47,72.2,15.29,9.26,15.33
2016,0.636,0.7613179789619121,0.767224849057583,66.31,75.87,67.7,15.7,8.58,15.33
2013,0.766,0.7613179789619121,0.3250629932763302,72.15,77.1,65.86,15.7,0.0,12.78
1997,0.766,0.7613179789619121,0.767224849057583,67.43,78.47,71.67,15.37,11.19,15.33
2001,0.726,0.715625971705269,0.767224849057583,71.42,78.34,71.96,13.9,10.91,6.1
2017,0.69,0.7613179789619121,0.767224849057583,67.14,76.91,66.73,15.12,11.5,1.91
2021,0.69,0.5563985872819558,0.27369778042360127,66.31,70.68,66.26,13.4,10.62,15.33
2000,0.616,0.7233097123782671,0.7181912140581214,66.31,77.85,66.73,15.7,10.15,0.4
2018,0.637,0.7613179789619121,0.5467396028177466,69.28,71.33,63.73,15.7,0.0,15.33
2012,0.725,0.0,0.767224849057583,72.63,78.47,64.53,14.7,13.82,12.97
2016,0.766,0.6574129241083215,0.767224849057583,72.47,76.67,67.98,15.7,16.08,15.33
2000,0.763,0.7405622056722134,0.767224849057583,66.31,72.27,64.37,12.33,0.0,15.33
2013,0.766,0.6110415713595563,0.767224849057583,70.47,78.47,63.44,15.7,15.04,13.61
2019,0.766,0.6992584382328986,0.5510738220129561,66.52,70.24,69.93,15.24,0.0,15.33
2015,0.741,0.7387583794832394,0.6767211924402526,67.09,70.79,63.67,15.7,16.04,13.1
1993,0.707,0.7613179789619121,0.767224849057583,66.31,72.94,70.42,14.14,0.0,15.33
2000,0.616,0.5794003711878759,0.6631625078350093,67.16,69.33,63.58,15.7,15.89,0.0
2009,0.766,0.7613179789619121,0.767224849057583,69.75,78.47,63.84,13.98,0.0,11.89
2002,0.693,0.5278626517213197,0.767224849057583,67.19,76.5,72.2,14.99,9.42,15.33
2006,0.616,0.23926501966436242,0.767224849057583,71.04,73.39,65.17,15.16,11.94,14.37
2020,0.766,0.7613179789619121,0.5915796969241431,67.76,78.47,64.07,12.33,0.0,15.33
2009,0.687,0.5169530410901281,0.16627059559542157,69.8,75.24,67.27,14.56,9.27,12.13
2008,0.616,0.7613179789619121,0.5168562921213758,66.31,78.47,66.88,15.34,15.08,0.0
2020,0.65,0.7507837439952659,0.6054513514151362,68.34,78.28,69.11,15.7,0.0,2.88
1994,0.766,0.6119188464339969,0.767224849057583,69.39,78.18,67.8,15.7,0.0,15.33
1992,0.616,0.0,0.5827374685855815,70.89,73.9,67.27,15.7,15.0,0.0
1996,0.766,0.7613179789619121,0.7001482445896218,70.22,78.47,69.66,15.7,8.67,15.33
2011,0.697,0.11565599549200879,0.7193493498959641,67.17,72.73,70.38,13.79,9.33,15.33
2010,0.762,0.7613179789619121,0.5307051071300735,74.93,78.47,72.2,15.7,14.18,9.37
2002,0.673,0.7613179789619121,0.6670186543355009,66.31,78.03,69.04,15.7,14.44,0.0
2003,0.736,0.7362978891820499,0.18025231652008278,73.1,77.01,68.89,13.93,7.5,14.45
2000,0.766,0.7613179789619121,0.5873744966320192,66.31,78.47,69.01,13.96,11.32,15.33
2009,0.7,0.7613179789619121,0.767224849057583,66.89,76.67,67.6,15.55,10.87,9.84
2006,0.675,0.27240392001562014,0.6940481616965687,73.37,74.09,69.01,13.99,12.77,15.33
2013,0.746,0.7613179789619121,0.6210742176103294,72.75,77.42,65.14,15.48,0.0,15.33
1996,0.716,0.745225973891639,0.767224849057583,74.64,75.4,69.42,14.81,10.99,0.0
2009,0.681,0.04480350204687269,0.767224849057583,72.01,78.47,71.0,15.7,11.5,5.08
2018,0.766,0.6926974400309919,0.677356122973368,67.01,78.47,70.33,13.89,9.0,15.33
2019,0.766,0.08093540904192305,0.5276513138829413,69.51,77.85,70.85,13.86,8.69,15.33
1994,0.766,0.42649375293483077,0.7489506837779396,66.31,77.96,70.8,15.7,13.96,15.33
1991,0.616,0.7613179789619121,0.6414634726987662,71.83,74.02,69.63,15.7,7.76,15.33
2021,0.766,0.7613179789619121,0.3545303617572544,72.22,74.28,68.76,15.47,0.0,15.33
2018,0.674,0.6754076523902961,0.6012397367304626,66.31,72.39,69.7,14.9,13.01,15.33
1994,0.738,0.5977811770683686,0.3340950004209376,67.21,75.64,66.56,12.77,16.08,5.76
2014,0.766,0.7309745007562953,0.5706442869671249,73.08,78.47,69.4,14.95,8.56,15.33
2018,0.766,0.6660703520603929,0.767224849057583,73.86,72.18,68.6,15.7,0.0,4.94
2004,0.739,0.7613179789619121,0.767224849057583,69.56,75.05,71.47,15.7,0.0,15.33
2021,0.664,0.5600456932724278,0.7092247780714788,70.89,76.02,63.44,14.17,9.8,0.0
2003,0.68,0.7293920757725272,0.5074991790779124,70.1,69.33,66.94,15.43,11.56,3.42
2000,0.711,0.5601506258329771,0.6901485264399716,66.31,76.03,68.87,15.7,9.23,15.33
2020,0.689,0.0,0.0,70.19,69.33,68.36,12.33,0.0,15.33
2017,0.623,0.702208369182791,0.7090430224559338,72.63,77.55,70.27,14.3,8.01,0.0
1992,0.766,0.7613179789619121,0.767224849057583,66.31,76.45,69.69,15.7,12.39,0.0
2001,0.766,0.6359645179029728,0.767224849057583,68.5,70.04,65.62,13.52,0.0,0.0
1992,0.671,0.7613179789619121,0.6600506607979538,71.8,76.83,69.34,14.74,0.0,3.66
2010,0.727,0.5561219671167588,0.6072729799434294,75.34,74.96,64.63,15.7,0.0,11.22
2011,0.766,0.7613179789619121,0.7060644516686734,71.77,77.86,64.98,15.7,0.0,15.33
2003,0.616,0.5253744584723773,0.767224849057583,72.37,74.81,72.2,15.7,11.99,4.81
2014,0.681,0.05117729859442572,0.6056714688418224,70.7,73.88,68.72,15.7,11.48,12.58
2010,0.673,0.6189725494271412,0.6802739464269586,70.56,78.47,71.25,15.7,10.77,7.48
2006,0.697,0.7585094344973891,0.767224849057583,67.48,69.33,66.34,15.63,10.08,0.0
2005,0.688,0.7613179789619121,0.1609172529163757,68.88,77.1,72.2,14.84,9.18,8.81
1994,0.696,0.6188596676075699,0.73725839137657,66.31,77.63,71.48,15.08,0.0,15.33
1994,0.645,0.0,0.767224849057583,69.47,76.7,68.21,15.7,7.89,15.33
2011,0.684,0.7393949611798516,0.6127010888916137,67.51,78.47,67.33,15.7,12.15,13.69
2007,0.645,0.12671445666504383,0.7163677321985478,66.31,76.35,71.36,15.7,9.89,14.31
1992,0.687,0.5635142863003584,0.767224849057583,72.02,75.34,65.68,15.44,16.08,0.0
2021,0.701,0.7613179789619121,0.681149540487896,66.31,78.47,70.46,13.01,0.99,15.33
2019,0.759,0.7485491885525316,0.767224849057583,67.74,76.9,72.08,15.7,0.0,15.33
1993,0.667,0.7613179789619121,0.767224849057583,66.31,78.47,64.34,15.7,14.85,15.33
2012,0.724,0.015803737995417354,0.767224849057583,73.76,78.47,67.11,15.7,10.97,15.33
2017,0.739,0.7613179789619121,0.0,66.31,77.86,68.74,14.69,10.87,15.33
2007,0.76,0.16877757739511384,0.7661312097403792,66.31,78.47,70.24,14.03,10.75,15.33
1998,0.727,0.7613179789619121,0.6272489547765979,73.0,77.12,70.19,13.45,13.7,4.33
1999,0.616,0.7441307117543523,0.7356776769383075,71.9,73.32,68.86,14.87,8.08,5.17
2001,0.646,0.22775346678028452,0.5680809943002756,66.69,75.01,72.2,15.7,13.87,15.33
2020,0.619,0.7613179789619121,0.12358250183005316,66.31,72.92,69.7,15.7,0.0,10.19
2001,0.644,0.07781984068318082,0.767224849057583,66.31,78.47,71.51,15.01,11.76,14.7
2020,0.708,0.6852069726691743,0.04045054366523834,73.19,69.9,68.45,15.7,10.55,14.76
1997,0.752,0.7613179789619121,0.7207292147729364,74.1,75.47,69.21,15.7,9.77,15.33
1992,0.677,0.7613179789619121,0.767224849057583,75.34,77.08,71.66,15.7,9.25,15.33
1996,0.644,0.5545037953454119,0.36093881080262136,66.31,70.59,66.09,13.03,10.69,0.0
1991,0.7,0.7613179789619121,0.6407334641246135,70.5,76.08,72.2,12.33,0.0,7.56
1992,0.616,0.45551929420053466,0.7038561747001346,66.31,73.76,68.0,12.7,10.81,13.12
2015,0.761,0.7613179789619121,0.767224849057583,66.31,78.47,72.2,15.7,12.35,10.97
2015,0.616,0.7613179789619121,0.2667047188898981,67.72,76.27,71.64,15.7,8.97,13.24
2020,0.661,0.4306342540425726,0.767224849057583,73.81,78.47,71.73,15.7,10.25,15.33
2012,0.744,0.7613179789619121,0.5578280594561341,71.2,78.47,72.2,15.7,10.26,15.33
2008,0.621,0.7613179789619121,0.7487218792120788,71.37,73.78,63.44,15.7,0.0,7.53
1991,0.707,0.09816306696960617,0.767224849057583,71.23,77.45,68.43,13.91,0.0,14.52
2001,0.628,0.7613179789619121,0.6027689326307697,66.31,78.47,63.44,13.37,0.0,15.33
1995,0.699,0.7613179789619121,0.16097430230681542,69.71,69.81,65.48,15.11,8.12,10.1
1994,0.688,0.7613179789619121,0.767224849057583,72.35,77.15,68.39,15.7,12.3,1.99
2018,0.693,0.6555130160801833,0.767224849057583,66.31,75.32,68.93,15.7,0.0,0.0
2013,0.645,0.6842688079096487,0.6913802342512528,72.87,78.44,66.3,15.7,10.96,7.94
2021,0.616,0.0,0.767224849057583,66.31,73.24,63.44,15.22,13.36,0.0
2002,0.701,0.7613179789619121,0.767224849057583,70.26,76.24,64.77,15.7,0.0,7.18
1997,0.697,0.7613179789619121,0.5547670382262209,67.26,73.84,72.2,15.49,9.67,15.33
2018,0.693,0.7613179789619121,0.5914732934712603,66.31,78.47,63.56,14.06,14.03,6.56
2005,0.616,0.7613179789619121,0.0,66.31,74.64,65.34,15.7,14.51,15.33
2016,0.707,0.7613179789619121,0.7535970887465742,66.31,69.33,69.62,15.7,8.5,15.33
2001,0.66,0.1263080014100232,0.767224849057583,68.32,78.47,69.66,15.7,11.05,15.33
2004,0.766,0.0,0.4955814499615497,72.52,78.47,63.61,15.58,9.95,15.33
2010,0.689,0.6828459110325141,0.1843700054918435,72.04,78.47,70.9,14.36,12.62,15.33
2006,0.714,0.7397643090417833,0.767224849057583,70.23,72.16,69.66,13.5,0.0,5.83
2001,0.755,0.020860942459937085,0.7144521107846664,66.31,78.47,66.2,15.7,11.75,15.33
1991,0.766,0.7613179789619121,0.767224849057583,66.31,78.47,63.44,15.7,13.86,0.49
2007,0.766,0.7613179789619121,0.6725724777134029,69.2,76.65,71.36,15.7,7.97,15.33
1993,0.766,0.7613179789619121,0.7282135488555141,67.67,78.47,72.2,14.82,14.03,10.28
2017,0.738,0.7613179789619121,0.5425706013953423,69.4,73.98,66.42,14.6,9.87,11.81
2011,0.714,0.7613179789619121,0.767224849057583,73.0,78.47,72.2,15.7,15.56,0.0
2000,0.707,0.5006584709324841,0.7136187895161733,72.17,75.44,69.61,15.61,9.99,11.99
2005,0.678,0.15291310876672515,0.45164143241913784,66.31,78.47,68.68,15.7,11.02,0.0
2013,0.738,0.12260145281986622,0.4628241140857166,68.27,70.37,69.74,15.48,0.0,15.33
1997,0.764,0.7613179789619121,0.7488261012998482,66.31,78.37,63.96,15.7,10.22,15.33
2005,0.766,0.6684772507167666,0.767224849057583,72.06,74.21,68.25,14.41,7.64,15.33
2004,0.633,0.5604129630880025,0.767224849057583,66.31,74.79,64.09,15.7,12.32,12.96
2014,0.741,0.7613179789619121,0.767224849057583,71.54,75.72,64.29,13.75,0.0,3.19
2000,0.694,0.7613179789619121,0.767224849057583,72.19,75.74,65.74,15.7,0.0,12.47
2015,0.766,0.7613179789619121,0.6687475453685677,66.31,77.24,72.2,14.3,13.04,15.33
2005,0.682,0.3328494169320855,0.5609785284468595,69.17,73.35,72.2,15.7,0.0,6.57
2006,0.671,0.36701249466694236,0.6664710845273865,71.26,72.83,63.44,15.7,10.77,15.33
2007,0.766,0.6738508327425194,0.6403903825569268,74.43,71.36,63.44,15.7,11.19,15.33
2009,0.718,0.7613179789619121,0.767224849057583,70.46,78.47,72.2,14.36,0.0,15.33
1999,0.704,0.7613179789619121,0.2043232826238937,71.23,73.85,65.56,14.37,9.65,12.72
1993,0.738,0.0,0.7605067248717564,72.34,76.59,71.68,13.78,11.65,15.33
2003,0.696,0.6467670106704395,0.26603900386179885,66.31,76.9,63.85,15.07,12.51,15.33
2019,0.766,0.6973050278281329,0.767224849057583,75.14,75.59,66.49,14.31,9.68,2.06
2002,0.732,0.7613179789619121,0.767224849057583,71.04,74.8,65.9,15.41,0.0,8.18
2009,0.616,0.30363164780435237,0.767224849057583,74.07,74.71,72.2,15.52,11.66,15.33
1991,0.68,0.1421809752566221,0.0095486203332549,66.31,75.2,70.34,15.7,9.67,12.64
2007,0.669,0.5916191901084329,0.767224849057583,67.68,78.47,63.44,15.7,3.38,14.27
2000,0.714,0.7613179789619121,0.3096367349881823,66.36,78.47,65.03,15.53,10.03,10.68
2000,0.734,0.7007905298607336,0.767224849057583,67.02,74.2,68.67,15.16,13.87,15.03
1996,0.649,0.7128541619805697,0.767224849057583,67.54,78.47,72.2,14.22,9.8,15.33
2019,0.766,0.06721061836714932,0.6554943845297817,74.73,76.46,67.72,12.57,0.0,15.33
2015,0.736,0.7613179789619121,0.7536929803778429,70.25,77.44,71.09,15.17,11.13,15.33
2020,0.616,0.7613179789619121,0.767224849057583,73.63,69.33,68.86,15.7,11.13,0.0
2021,0.624,0.3934676865165068,0.767224849057583,66.31,72.74,67.17,15.7,9.46,11.89
2013,0.727,0.699746142542163,0.49795670895562383,73.61,78.47,72.2,15.7,9.59,9.59
1993,0.616,0.0,0.767224849057583,66.31,77.09,66.46,15.53,8.27,5.34
2006,0.622,0.7613179789619121,0.3483454701772392,67.33,73.84,72.2,15.7,0.0,0.0
2010,0.643,0.7613179789619121,0.6070899103501828,70.81,77.56,71.4,15.7,16.08,15.33
2000,0.616,0.01406300333506472,0.10211063912935482,67.01,70.22,71.2,15.5,7.9,15.33
2018,0.709,0.434232226213871,0.767224849057583,66.35,76.93,69.75,15.01,12.27,15.33
2018,0.766,0.7613179789619121,0.5379522505507404,69.34,72.47,63.44,14.86,0.0,12.9
2004,0.764,0.7549462084090923,0.7297032200412514,72.23,78.47,66.3,15.69,14.8,14.46
1997,0.766,0.5757108262225081,0.4572705707479305,68.18,70.53,63.44,12.87,8.76,15.33
2008,0.714,0.7613179789619121,0.0,73.32,77.94,67.17,14.07,10.88,10.86
1991,0.651,0.7613179789619121,0.767224849057583,71.48,70.13,71.22,15.7,0.0,0.0
2018,0.684,0.7613179789619121,0.5101416494027967,70.33,78.37,69.48,14.28,14.17,9.36
2021,0.702,0.6612555362122482,0.0,67.83,75.6,72.1,15.61,11.59,0.96
2003,0.766,0.0,0.759202896413361,66.73,77.02,70.43,14.03,13.9,13.87
2005,0.71,0.2155522947154222,0.0,74.55,76.04,67.57,15.7,13.34,15.33
1997,0.733,0.5768289088209854,0.693244355182397,72.2,71.49,66.66,13.34,9.45,13.03
2007,0.616,0.2685088636133212,0.6886253764583774,73.81,78.47,67.28,15.37,8.1,15.33
2003,0.623,0.1152487063920656,0.7250303781802534,72.34,75.75,66.19,15.7,0.0,8.91
1991,0.75,0.7613179789619121,0.767224849057583,66.31,77.69,66.83,15.7,14.25,9.95
1992,0.649,0.7613179789619121,0.0,70.02,74.25,72.2,15.7,7.36,14.36
2013,0.766,0.7613179789619121,0.5233813284243999,71.62,77.32,72.2,14.71,13.07,15.33
1999,0.659,0.12715610998573712,0.7027385375453307,66.31,77.47,65.58,15.7,13.18,0.0
2021,0.676,0.7613179789619121,0.767224849057583,69.23,75.38,70.44,15.48,11.85,14.39
2005,0.738,0.7006781953575972,0.11903486033545313,66.31,74.8,68.34,14.16,13.02,15.33
1996,0.711,0.7613179789619121,0.6997360019566775,73.27,74.69,71.18,15.29,6.83,12.14
2002,0.752,0.0,0.6724274169333618,66.31,76.01,72.2,15.7,10.71,10.4
2008,0.616,0.7613179789619121,0.3114053057507566,74.52,75.46,63.44,15.4,0.0,15.33
2020,0.766,0.0,0.0,70.92,77.54,72.2,13.46,2.82,15.33
2018,0.678,0.5998564605017318,0.5571151185900983,66.31,69.33,70.76,13.59,9.92,15.33
2018,0.766,0.6724676997214495,0.767224849057583,70.75,71.18,64.56,15.7,15.06,15.33
2002,0.766,0.7613179789619121,0.7378954590579384,66.31,78.1,68.08,15.26,16.08,11.94
1991,0.766,0.7613179789619121,0.5657202148540892,67.55,71.27,68.24,14.4,9.99,13.43
2003,0.671,0.7613179789619121,0.622070842061572,66.31,75.74,65.61,13.91,9.67,0.0
2003,0.703,0.7613179789619121,0.6582779066393635,67.27,69.43,66.65,15.7,0.0,14.02
2018,0.766,0.6980364138044237,0.6627736352866853,66.31,77.95,66.51,15.7,7.7,6.92
2004,0.664,0.7613179789619121,0.18882337767738883,70.4,73.03,70.99,12.61,16.08,15.33
2010,0.741,0.6078692667665677,0.6378743193925734,71.63,78.47,64.85,15.43,0.0,9.76
1995,0.766,0.0,0.7079247942690958,69.96,74.83,69.35,13.61,8.45,15.33
2002,0.692,0.6302589811424102,0.767224849057583,68.71,75.47,71.22,15.39,7.44,5.81
2016,0.672,0.7613179789619121,0.767224849057583,72.58,73.8,63.44,12.79,0.0,15.21
2011,0.737,0.7613179789619121,0.38579858338088346,66.31,73.61,63.44,13.54,0.0,15.33
1997,0.766,0.6799022208070508,0.767224849057583,67.07,72.18,63.85,15.7,7.7,3.53
1991,0.616,0.32360317545411776,0.42623143165668365,74.67,69.54,64.0,15.7,9.64,15.33
2006,0.662,0.15092708635997384,0.02376237954049898,66.31,74.98,67.42,15.7,16.08,9.5
1999,0.633,0.7613179789619121,0.6246586013911797,69.45,76.38,65.79,15.7,0.0,11.07
2018,0.766,0.2500706492469346,0.6350353493400415,73.66,78.47,69.57,15.7,9.7,0.0
2005,0.717,0.05660739115086259,0.767224849057583,66.31,78.47,72.2,14.59,16.08,15.33
1998,0.644,0.12490900582875968,0.7492411826552305,72.54,78.47,72.2,15.7,10.95,13.24
2005,0.617,0.7613179789619121,0.767224849057583,66.99,69.33,68.39,15.66,0.0,11.99
2011,0.691,0.7613179789619121,0.767224849057583,66.31,72.2,71.35,15.7,9.3,13.46
2006,0.621,0.22179371225030492,0.4954100300371248,66.31,78.27,67.36,15.7,0.0,15.33
2005,0.616,0.7613179789619121,0.6312750944708186,69.49,69.33,72.14,15.7,8.19,15.33
1993,0.687,0.6519858397059413,0.49617688009936844,74.61,78.3,63.44,15.7,0.0,11.63
1996,0.616,0.0,0.767224849057583,66.31,75.37,70.85,15.7,0.0,4.07
1997,0.766,0.10073710700581207,0.4610161750974052,73.07,74.87,68.92,14.31,8.96,13.33
2002,0.656,0.6774479309864349,0.6654219835062131,66.31,78.47,71.37,15.29,2.01,3.56
2003,0.704,0.6050746514891971,0.767224849057583,66.31,77.2,63.44,15.22,16.08,15.33
2001,0.653,0.7613179789619121,0.767224849057583,70.58,77.55,63.71,15.28,0.0,7.23
2018,0.761,0.0,0.0,73.12,76.49,72.2,14.03,0.0,12.44
1994,0.766,0.7613179789619121,0.660713760418939,71.81,69.33,63.44,14.01,10.03,7.33
1995,0.746,0.6993618181123319,0.7079402274272731,69.92,75.41,68.25,15.7,11.14,15.33
2003,0.684,0.7613179789619121,0.767224849057583,66.96,77.36,69.95,15.7,0.0,15.33
2010,0.616,0.7613179789619121,0.5530211679187578,70.57,73.79,69.46,14.38,0.0,14.68
2018,0.765,0.7075589119671207,0.6358827566263648,72.86,76.87,66.81,14.45,10.35,6.84
1993,0.683,0.5972917883708246,0.7320668839006316,71.96,70.25,70.16,13.1,9.48,0.0
1993,0.734,0.7613179789619121,0.262656195115862,66.83,74.92,71.41,15.7,9.51,15.33
2003,0.633,0.7613179789619121,0.599763365239388,70.51,71.27,67.98,15.7,11.09,0.0
1999,0.705,0.7613179789619121,0.767224849057583,71.63,76.89,65.31,15.7,12.27,12.59
2007,0.616,0.7613179789619121,0.0,66.31,78.37,72.2,15.7,9.32,6.51
1996,0.62,0.6668782350206399,0.5540816886810789,73.66,75.38,72.2,15.7,0.0,8.4
2001,0.678,0.7613179789619121,0.6392694026074762,66.31,74.09,72.2,15.7,11.17,15.33
2008,0.63,0.08798274750440785,0.029751816354434923,69.01,78.47,71.86,13.57,0.0,14.93
2019,0.766,0.758159596856606,0.46158285838037816,67.94,76.56,63.77,15.02,13.91,11.86
2011,0.616,0.7226204639138092,0.767224849057583,70.39,78.47,70.49,13.96,10.62,15.33
2003,0.691,0.6509836008748003,0.07237772179780605,70.46,75.68,72.2,15.54,12.47,15.33
1995,0.63,0.0,0.4333416557590493,72.59,75.53,68.01,13.57,13.72,15.33
1995,0.766,0.6995633169017246,0.767224849057583,70.43,77.94,64.04,14.37,16.08,13.57
1994,0.666,0.6823315272421694,0.0,68.54,76.05,71.96,15.03,0.0,0.0
1995,0.766,0.7613179789619121,0.0,74.26,78.47,71.86,15.7,14.17,15.33
2008,0.721,0.7613179789619121,0.11386837076941154,75.34,78.47,69.29,15.12,0.0,15.33
2009,0.703,0.7402765796638608,0.7065725874067817,68.74,78.16,68.39,14.48,12.49,15.33
1996,0.752,0.5865053580236496,0.767224849057583,71.87,76.55,68.75,13.01,8.68,15.33
2013,0.766,0.7365265957445896,0.7349280228130761,72.51,76.83,70.54,15.7,12.63,15.33
2010,0.766,0.7613179789619121,0.767224849057583,70.12,78.47,67.65,15.7,7.53,0.0
2010,0.699,0.7613179789619121,0.7500663842342576,70.48,78.47,72.2,15.7,15.98,15.33
2016,0.766,0.7613179789619121,0.6642482911635761,73.22,73.59,72.11,13.72,0.0,15.33
2019,0.616,0.7613179789619121,0.3765521143084249,66.31,76.48,63.44,15.7,0.0,15.28
2000,0.765,0.0,0.6827179832735002,66.54,76.99,72.2,12.42,1.16,11.95
1992,0.725,0.7613179789619121,0.0,73.87,77.98,68.62,15.7,9.31,0.0
1996,0.766,0.7613179789619121,0.767224849057583,66.31,75.8,71.8,15.7,9.92,15.33
2005,0.649,0.0,0.767224849057583,74.97,76.9,70.03,15.7,9.32,15.33
1997,0.682,0.2350031892154168,0.6962663756675361,72.08,77.93,71.1,14.63,11.22,15.33
2001,0.735,0.0,0.767224849057583,72.25,77.49,71.1,15.55,12.56,12.18
2006,0.616,0.7613179789619121,0.6652469849638859,66.31,74.23,69.66,15.7,0.0,11.91
1995,0.69,0.22934805295056165,0.767224849057583,66.31,77.81,66.38,15.7,13.02,0.07
2020,0.616,0.6582169231706592,0.631729673273707,66.4,74.92,68.33,15.7,9.28,0.0
1996,0.766,0.7613179789619121,0.5703737387372494,71.05,78.47,68.79,14.53,16.08,15.33
1995,0.635,0.7116522345103642,0.6012178641235146,72.81,73.52,68.58,15.7,9.7,3.28
2011,0.629,0.4604114252040058,0.0,66.31,76.13,72.2,15.7,7.41,8.97
2016,0.696,0.5910818014668687,0.767224849057583,71.54,76.88,68.14,13.88,10.75,14.65
2001,0.766,0.7613179789619121,0.767224849057583,72.18,78.47,72.2,15.7,10.86,15.33
2009,0.678,0.0,0.0,73.19,76.42,69.98,15.39,7.6,15.33
2018,0.756,0.7613179789619121,0.7055205371210191,72.05,69.33,65.39,13.75,0.0,12.6
2008,0.706,0.09109206202623084,0.767224849057583,66.31,75.15,72.2,15.7,14.53,14.72
1994,0.766,0.5696210616173676,0.7174801007301973,74.81,69.33,67.98,15.7,15.38,13.56
1991,0.766,0.5187249882918906,0.767224849057583,66.71,78.47,71.58,15.7,15.04,13.21
2017,0.618,0.0052584225352454925,0.5664135941810811,70.1,76.63,65.82,15.7,0.0,15.33
2011,0.616,0.4008565335244845,0.7611963251310788,70.76,69.69,67.42,15.7,0.0,15.2
1993,0.644,0.16456963294804666,0.767224849057583,69.08,77.79,67.78,15.7,10.67,15.33
1999,0.692,0.7613179789619121,0.6475123392024102,69.47,74.83,67.65,12.72,0.0,15.33
2006,0.641,0.4353811664177668,0.08052578561951529,66.31,74.51,63.44,14.65,7.86,15.33
2002,0.616,0.5570398197048514,0.767224849057583,68.69,73.68,68.5,14.3,15.03,0.0
2013,0.756,0.7613179789619121,0.767224849057583,75.04,76.97,69.02,15.7,0.0,15.33
2011,0.766,0.6579794932036589,0.767224849057583,70.32,75.41,72.09,15.7,11.06,15.33
2015,0.676,0.16890180066869592,0.767224849057583,69.21,77.47,69.93,15.7,8.82,15.33
1991,0.766,0.7136899100607582,0.684497818025337,73.17,78.47,71.61,15.7,3.15,14.93
1991,0.664,0.7613179789619121,0.767224849057583,74.38,76.23,72.2,15.7,11.92,11.93
2018,0.766,0.6522073067647288,0.5761202562450133,66.31,69.48,72.2,12.33,0.0,15.33
1992,0.723,0.7388140769792579,0.767224849057583,66.31,78.29,69.88,14.56,11.62,6.37
2000,0.616,0.7613179789619121,0.0,73.89,74.81,70.57,15.7,10.36,12.61
2005,0.754,0.6935534678131389,0.7486744846333041,73.36,77.0,70.46,15.2,9.69,15.33
2017,0.692,0.5328236169931073,0.767224849057583,75.34,78.38,68.39,12.79,9.04,15.33
1995,0.766,0.46198525354068115,0.6174084865974934,73.55,77.17,70.04,15.7,16.08,15.33
1997,0.641,0.4981896228857452,0.7670434183095239,75.34,78.47,70.06,15.7,13.66,14.57
2017,0.746,0.7613179789619121,0.6647278967094548,66.31,75.1,64.36,14.12,13.99,12.43
2009,0.616,0.42564570321875844,0.7068942562228688,72.1,77.3,72.2,14.34,9.17,13.1
2002,0.644,0.5674419109880662,0.767224849057583,66.31,76.75,69.54,13.0,8.2,15.33
2019,0.722,0.44115855387555036,0.43241213481515994,66.65,71.42,70.05,14.3,0.0,11.19
2008,0.616,0.6836872271245016,0.767224849057583,66.31,69.33,69.11,15.7,9.74,1.42
2003,0.66,0.7613179789619121,0.6211833684041388,71.72,75.55,66.96,15.19,0.0,15.33
1999,0.766,0.1438603781704348,0.767224849057583,68.82,77.7,68.4,15.7,9.77,0.0
1991,0.616,0.7613179789619121,0.767224849057583,67.62,74.98,70.59,15.7,10.19,15.33
2012,0.656,0.744429084089303,0.018899603122292653,68.63,76.46,72.2,14.35,16.08,0.0
1991,0.651,0.7613179789619121,0.07259526845451099,70.48,71.92,70.63,15.7,9.77,15.33
1998,0.644,0.0,0.767224849057583,72.4,78.38,66.48,15.7,13.88,11.53
2007,0.722,0.26661634955718067,0.4548322526153349,70.48,78.47,65.22,15.47,11.84,14.82
2020,0.655,0.0,0.767224849057583,72.86,69.33,71.57,15.7,0.0,0.0
2000,0.708,0.5888303465316482,0.7478433432560291,66.31,73.47,67.13,13.15,8.13,15.33
1991,0.745,0.7613179789619121,0.26806333515196834,72.48,75.8,66.85,14.15,0.0,14.38
2018,0.726,0.3665572938187424,0.16380673414752145,66.31,71.45,63.44,15.13,9.44,15.33
2016,0.625,0.7491003040073552,0.5259160084573248,71.13,76.61,69.31,13.6,0.0,15.33
2021,0.766,0.3550664006688637,0.767224849057583,70.6,78.47,72.2,15.7,12.4,12.9
1993,0.658,0.7613179789619121,0.27784128736767777,73.9,78.47,72.2,15.7,13.61,15.3
1993,0.721,0.37482876077228805,0.0,73.27,76.51,71.55,15.7,12.62,0.0
2000,0.759,0.0,0.18388459985104638,70.87,70.12,69.74,15.7,13.12,8.1
2011,0.616,0.7613179789619121,0.14796681324763822,70.02,78.17,65.72,14.98,1.04,14.41
2016,0.633,0.7613179789619121,0.767224849057583,73.42,74.04,68.47,15.7,14.42,11.89
1996,0.725,0.009726803728966341,0.6698625118250031,71.39,73.21,65.77,15.6,11.27,14.36
1996,0.766,0.7613179789619121,0.6429094701545321,69.22,76.09,71.45,14.23,9.83,15.33
2003,0.735,0.11574199433334634,0.767224849057583,72.42,69.33,67.63,14.47,13.86,15.33
2009,0.732,0.722904592850737,0.767224849057583,68.61,78.09,71.45,15.7,14.75,14.11
1991,0.754,0.7613179789619121,0.6850996065476822,71.16,73.85,71.78,15.4,11.28,4.78
1993,0.679,0.5679852001105538,0.6634624396425204,71.56,76.55,72.2,15.12,10.71,12.99
2007,0.766,0.7613179789619121,0.5410236244215703,69.02,78.47,70.98,15.11,0.0,10.05
2012,0.636,0.7613179789619121,0.767224849057583,66.31,76.91,66.02,14.07,0.0,8.5
2021,0.766,0.6901478834922122,0.14322784709413744,68.57,77.69,68.5,14.58,0.0,15.33
2000,0.616,0.7613179789619121,0.7533976441760235,73.75,76.42,70.96,15.24,0.0,15.33
1991,0.729,0.7345014312771655,0.7052330685725614,70.92,74.19,71.08,13.39,11.58,14.11
2010,0.718,0.7613179789619121,0.4560322392509603,69.67,78.47,67.98,14.39,8.99,15.33
2003,0.656,0.7609936247709386,0.767224849057583,74.53,75.69,69.94,14.18,0.41,15.33
1995,0.651,0.7113237862958554,0.1429371767813949,71.59,75.55,66.24,15.7,9.37,15.33
1995,0.748,0.7613179789619121,0.5273540586693802,72.19,76.42,67.8,15.7,11.9,13.59
2010,0.668,0.6621339878706824,0.74655751400761,66.31,70.71,63.59,14.66,14.18,0.0
2015,0.708,0.7613179789619121,0.1339432223932191,71.76,78.47,69.13,15.7,10.52,15.16
2017,0.713,0.7613179789619121,0.5659833700249047,70.35,77.25,68.77,13.67,11.84,13.72
1993,0.616,0.7613179789619121,0.7138473376242437,66.31,76.14,69.3,15.65,15.62,10.47
2006,0.736,0.07823717270947082,0.0,72.17,69.42,68.8,15.33,9.61,9.5
1991,0.616,0.6653155997698896,0.7057432456557252,71.06,72.53,71.61,14.14,11.74,2.75
2004,0.766,0.7613179789619121,0.4633553531333875,66.31,76.25,72.2,14.06,10.64,15.33
1991,0.626,0.7141397584385624,0.767224849057583,71.03,74.51,66.72,13.87,0.0,11.35
1999,0.694,0.3583088998447013,0.767224849057583,75.34,78.22,72.2,15.7,9.61,15.33
1994,0.73,0.7613179789619121,0.293581882443191,70.86,74.75,69.48,14.92,7.77,11.29
1999,0.616,0.7248927805320169,0.767224849057583,66.31,74.94,67.04,15.7,9.16,15.33
1995,0.756,0.4540701228573397,0.06557566765145442,69.53,74.37,68.38,14.37,0.0,15.33
2014,0.745,0.7613179789619121,0.6556932012209146,72.9,78.47,71.84,15.7,9.61,7.81
1995,0.69,0.4730235625667023,0.0,75.34,73.71,65.66,15.7,9.17,14.75
2001,0.624,0.6866827280212482,0.5955398178979859,69.9,75.67,66.71,13.59,0.0,14.51
1993,0.7,0.15398074418570049,0.767224849057583,72.98,73.75,71.63,14.59,0.0,4.53
2020,0.741,0.1656714756287278,0.0,66.31,78.47,68.24,15.7,10.81,15.33
2021,0.766,0.5879322792863345,0.48811453105791697,70.55,73.49,63.44,14.33,14.91,1.55
2015,0.72,0.25437674214635814,0.19429886990287493,66.4,76.39,72.2,15.7,8.17,15.33
2005,0.766,0.7613179789619121,0.5035445409947601,72.09,77.43,70.13,14.64,13.23,15.33
2016,0.766,0.632476888799682,0.6411997338653934,73.83,78.1,69.79,15.7,12.39,9.72
2009,0.726,0.7062922278346326,0.6816494739983989,71.12,78.34,72.2,15.46,12.59,13.6
2021,0.693,0.6624641982172825,0.767224849057583,70.5,74.21,65.56,13.18,0.0,15.33
2020,0.694,0.7613179789619121,0.22523829905417847,69.38,69.33,68.3,15.7,0.0,5.24
2016,0.703,0.692060387115417,0.5667478146899422,69.54,69.33,70.24,15.7,0.0,15.33
2014,0.713,0.7274435399962229,0.3690976073259557,72.89,71.73,68.41,15.33,9.83,15.33
2005,0.639,0.6543016028588453,0.01487728771329887,69.42,76.19,63.77,13.09,10.0,13.38
2019,0.752,0.2279813909324132,0.767224849057583,75.34,75.26,70.12,14.53,8.66,15.33
1999,0.666,0.42973288134706095,0.24119824774701665,69.21,69.33,63.91,14.01,10.56,15.33
2009,0.766,0.5919779370071182,0.758949884590323,71.37,75.3,64.32,15.7,16.08,15.33
2006,0.684,0.4083305700537278,0.6107448406579167,72.59,69.33,63.97,15.42,0.0,15.33
1994,0.766,0.6861684115478981,0.5138210244914385,70.7,77.0,68.99,12.69,8.14,15.33
1997,0.749,0.334289202244973,0.767224849057583,69.63,77.97,69.15,15.41,0.12,13.51
1994,0.747,0.6398048763509913,0.767224849057583,66.31,78.47,64.13,15.58,0.0,15.33
2017,0.766,0.7613179789619121,0.6655814766694909,66.31,76.18,70.83,12.81,0.0,15.21
2006,0.74,0.7575467868395873,0.7010522671440099,74.34,74.72,68.38,15.7,9.5,11.85
2016,0.766,0.6611690368009329,0.0,70.34,78.47,72.2,14.88,16.08,14.51
2014,0.664,0.7000919433583858,0.5524711809222744,69.82,78.47,72.2,14.01,0.43,15.33
2012,0.616,0.0,0.767224849057583,69.91,70.27,67.28,15.7,10.37,2.92
1998,0.646,0.6827451345646787,0.7559573493815984,72.99,75.51,71.45,15.7,9.77,12.32
2009,0.684,0.7613179789619121,0.0,67.1,75.8,67.11,15.7,14.75,0.0
1998,0.718,0.7613179789619121,0.22704028247677738,66.31,76.06,71.42,15.7,8.32,15.33
2020,0.671,0.40030772622627114,0.7053094384599606,71.69,78.47,68.08,15.51,10.18,11.05
2006,0.752,0.7613179789619121,0.767224849057583,70.08,78.47,70.06,15.7,16.08,15.33
2012,0.746,0.7613179789619121,0.6406534551896028,74.15,71.64,72.2,15.7,8.42,15.33
1993,0.664,0.7002170732124533,0.767224849057583,71.44,70.79,71.23,15.7,0.0,15.33
2020,0.766,0.7613179789619121,0.5676943384905534,71.78,78.47,70.82,15.7,7.73,15.33
2000,0.766,0.7613179789619121,0.6802980593548338,69.49,78.47,63.44,15.28,13.12,9.7
1999,0.766,0.6997308206088128,0.767224849057583,69.9,77.69,65.88,14.37,10.59,15.33
2013,0.626,0.6989967800014716,0.61022224453256,68.6,76.08,69.03,15.7,0.67,6.39
2006,0.616,0.7613179789619121,0.6183128687823463,67.64,70.41,68.29,14.66,7.87,15.33
2019,0.616,0.6074192263158167,0.5762427310527587,66.31,69.33,70.94,13.92,0.0,4.79
2002,0.766,0.7613179789619121,0.767224849057583,74.05,78.47,70.19,15.7,2.01,15.33
1997,0.699,0.7613179789619121,0.5463976826795932,72.83,71.68,72.2,15.7,11.11,1.71
2010,0.766,0.5998889482687211,0.767224849057583,69.95,73.8,68.38,14.13,15.07,15.33
2014,0.616,0.7613179789619121,0.4697633077081854,72.17,77.93,68.9,15.7,12.94,14.23
2014,0.698,0.0,0.767224849057583,66.31,76.85,63.44,13.16,0.0,12.32
1999,0.633,0.2131106986827409,0.16090056641583522,72.5,77.34,64.38,15.63,7.3,9.39
2011,0.702,0.7613179789619121,0.6796741535589131,73.14,71.77,71.6,14.81,8.38,15.33
2013,0.766,0.7613179789619121,0.767224849057583,74.83,76.66,69.43,15.69,13.24,15.33
2020,0.665,0.18832265713159752,0.6172197218726263,66.31,76.36,72.2,15.7,10.28,13.61
2010,0.691,0.7613179789619121,0.6014142695218601,72.08,69.33,64.85,14.81,0.23,15.33
2009,0.751,0.726159998078517,0.6433412271618693,66.31,78.09,63.44,12.33,15.34,15.33
2018,0.711,0.7613179789619121,0.06670587566362768,66.31,75.42,71.79,14.81,11.91,10.44
1992,0.7,0.6600937795183643,0.6573608017898763,66.31,77.87,68.0,14.93,16.08,15.33
2015,0.691,0.48108697302686537,0.767224849057583,72.5,76.94,68.01,15.7,10.43,0.59
2008,0.713,0.7613179789619121,0.767224849057583,75.34,76.89,70.22,14.07,0.0,9.05
2013,0.766,0.7613179789619121,0.767224849057583,66.31,78.47,65.64,12.72,16.08,15.33
2001,0.766,0.44380252925856933,0.6184292239766113,75.34,75.02,69.15,15.7,9.15,15.33
2001,0.664,0.0,0.767224849057583,66.31,75.01,72.2,15.28,12.52,3.22
2017,0.618,0.7613179789619121,0.37769808550471373,71.56,70.35,72.2,15.41,8.2,14.7
1998,0.766,0.33684202338038455,0.028010531564762426,75.34,78.47,64.41,15.7,11.99,15.33
2003,0.616,0.22932898242668553,0.767224849057583,66.98,69.59,69.63,12.65,9.3,13.41
1992,0.667,0.0,0.767224849057583,68.76,75.22,68.38,14.68,10.57,15.33
2009,0.616,0.7613179789619121,0.6408933699785886,69.6,75.03,65.92,15.7,0.0,15.33
2004,0.718,0.7613179789619121,0.767224849057583,73.7,77.43,67.76,15.6,10.73,0.98
2018,0.641,0.7613179789619121,0.5747008596524682,66.31,78.47,65.61,12.98,0.0,7.16
2013,0.624,0.37619281334632587,0.7665899154502388,70.66,71.68,65.89,12.98,9.84,14.53
2013,0.698,0.6973848584667379,0.767224849057583,69.6,76.64,71.03,15.7,8.53,0.0
2007,0.742,0.07163093575853934,0.3128306085265733,66.31,75.9,63.44,15.7,0.0,7.68
2019,0.766,0.7613179789619121,0.767224849057583,66.31,77.81,63.44,15.7,0.0,15.33
2014,0.681,0.7613179789619121,0.767224849057583,70.41,74.18,66.6,13.66,7.74,6.35
1998,0.701,0.6520280269738136,0.767224849057583,66.31,77.26,72.2,13.78,12.03,13.44
2020,0.739,0.7613179789619121,0.5966258901100407,71.82,74.91,63.97,15.7,0.0,13.57
2011,0.697,0.7613179789619121,0.4585579521915976,72.81,78.47,71.16,15.57,13.38,15.33
2014,0.716,0.7613179789619121,0.7134448142256907,67.2,78.47,72.2,15.7,8.91,14.8
1995,0.702,0.7339021417321834,0.7455574730669532,68.52,75.6,65.78,12.33,16.08,13.45
1991,0.616,0.5936263487431978,0.767224849057583,70.15,77.71,70.64,15.7,11.38,15.33
1994,0.766,0.7613179789619121,0.7593550171521137,72.41,76.06,64.58,13.84,12.31,15.33
2001,0.694,0.7613179789619121,0.5608897999469766,71.24,75.63,66.48,14.3,9.35,15.33
1997,0.616,0.7613179789619121,0.6378906324662728,74.52,69.98,70.39,12.33,0.0,11.06
2006,0.664,0.7613179789619121,0.767224849057583,66.31,78.47,72.2,15.7,7.28,7.5
1994,0.696,0.7613179789619121,0.5564878169392984,66.31,74.34,71.83,14.99,9.66,2.08
1995,0.662,0.6214666382257319,0.6618477990811632,70.52,78.47,70.68,13.63,9.37,4.0
1992,0.706,0.7613179789619121,0.34915112178800545,68.53,78.47,67.54,15.7,1.62,15.33
1995,0.766,0.39642177344853863,0.0,70.6,76.25,66.88,15.7,0.0,15.33
2019,0.655,0.16806785764672538,0.767224849057583,66.31,75.25,65.84,15.7,8.42,11.34
2012,0.637,0.7613179789619121,0.0,72.47,78.47,69.48,15.7,8.88,15.33
2019,0.627,0.7562474312817875,0.6629369605778651,66.31,69.33,64.09,14.84,9.78,12.96
2018,0.616,0.5950556934176906,0.767224849057583,67.47,76.6,68.51,13.71,0.0,15.33
1993,0.705,0.7141743866298846,0.1608511216278403,74.34,76.55,69.95,13.74,8.86,14.22
1999,0.741,0.7613179789619121,0.4055851838875111,71.06,70.59,70.2,15.2,0.0,12.29
2011,0.653,0.6873289462919876,0.5933677795943412,73.15,71.02,63.44,14.98,13.82,12.01
1998,0.717,0.7613179789619121,0.767224849057583,73.67,75.71,71.44,13.28,7.95,15.33
2019,0.725,0.659891688046736,0.6647554290745347,70.44,76.26,63.44,15.7,11.73,15.33
2013,0.766,0.5468952305603497,0.22417367454138143,71.98,69.33,63.98,12.33,0.0,13.69
2011,0.658,0.44721576063478774,0.767224849057583,71.66,76.48,71.48,15.7,7.72,15.33
2001,0.694,0.0,0.598395401698868,67.49,76.12,63.44,15.7,9.61,13.43
1997,0.687,0.5493779164454098,0.607519297333802,72.01,78.47,66.12,15.54,0.0,10.38
1994,0.625,0.7613179789619121,0.7402088085518618,67.14,74.32,72.2,13.34,11.59,13.54
2016,0.766,0.7113779500665284,0.767224849057583,68.34,74.25,66.68,14.28,12.85,15.33
2012,0.702,0.0,0.5785721577971259,67.44,77.61,68.74,15.7,11.06,0.0
2018,0.641,0.7613179789619121,0.767224849057583,70.86,73.23,63.6,15.13,0.0,15.33
2008,0.766,0.6451013189545128,0.6785908788002266,71.52,78.47,72.2,13.71,11.56,9.0
1998,0.672,0.7613179789619121,0.5298119619233453,72.48,76.75,63.48,15.7,8.0,13.54
2017,0.744,0.7613179789619121,0.6987917420593192,66.31,78.47,72.11,15.7,3.38,10.16
1997,0.766,0.7049716059601713,0.767224849057583,72.42,78.47,71.96,14.53,14.69,15.33
1998,0.766,0.7222040724482055,0.4722008004593867,66.31,72.28,72.2,15.7,12.28,10.68
2000,0.616,0.6762670357782858,0.17999413679692505,70.18,72.13,68.07,14.71,0.0,3.25
2021,0.766,0.5944253956161889,0.5527170620396243,70.97,78.47,72.2,12.33,9.83,15.33
2007,0.75,0.6805246542274804,0.767224849057583,67.29,74.77,63.93,15.7,12.04,13.05
1999,0.616,0.7613179789619121,0.7439898895623362,71.7,70.12,68.51,15.7,9.61,7.32
1993,0.712,0.2503505072228289,0.07291911595230027,67.98,75.66,65.65,15.7,0.49,15.33
2016,0.763,0.7613179789619121,0.7284207328505314,74.43,78.47,72.2,15.7,9.53,4.12
1992,0.675,0.5744260784525501,0.518151834340131,68.54,76.29,64.29,14.54,0.0,13.55
2020,0.713,0.0,0.767224849057583,72.17,78.47,71.28,15.32,9.61,0.0
2018,0.729,0.7262616452770444,0.767224849057583,69.08,78.47,64.73,14.51,0.0,15.33
1993,0.658,0.4607129827677674,0.767224849057583,75.34,77.03,65.99,15.59,9.54,15.33
1995,0.708,0.7613179789619121,0.5143198715144911,66.31,74.17,66.62,15.7,0.0,14.68
1996,0.766,0.7613179789619121,0.5626273456935204,71.3,75.58,64.59,15.7,0.64,10.89
2004,0.626,0.6175678017971328,0.0,72.54,74.76,63.44,15.58,13.31,6.59
2016,0.711,0.023402429435614425,0.767224849057583,69.74,78.47,70.19,15.7,16.08,15.33
2002,0.742,0.7613179789619121,0.45818820619974254,72.11,76.57,71.98,15.7,0.0,12.13
2012,0.616,0.4685898546840734,0.767224849057583,66.31,74.69,67.58,13.92,7.52,15.33
2003,0.766,0.7613179789619121,0.6887937306804808,74.55,78.47,66.56,15.66,0.0,15.33
2007,0.679,0.6437341576221329,0.0,68.46,73.22,63.44,15.7,0.0,0.0
2012,0.616,0.7613179789619121,0.767224849057583,70.03,73.82,70.12,15.7,8.54,15.33
1993,0.766,0.7045681217965876,0.739409008085243,70.44,75.76,64.68,13.01,12.93,15.33
2005,0.616,0.7613179789619121,0.767224849057583,69.34,69.34,68.98,15.56,10.48,11.59
2020,0.74,0.7613179789619121,0.44244365520470996,72.35,76.36,67.03,15.7,0.0,14.72
1992,0.742,0.6589273574640677,0.0,70.86,75.38,64.83,13.39,12.62,15.33
2013,0.725,0.7613179789619121,0.7657109402733757,68.37,71.8,66.28,15.7,8.78,15.33
2015,0.766,0.2344122776535839,0.7169197493016346,66.31,78.47,63.67,14.55,13.3,15.33
2015,0.652,0.7613179789619121,0.4872526206413802,71.48,75.81,72.2,15.7,16.08,0.0
1991,0.636,0.7613179789619121,0.15279526980748392,68.16,72.46,68.38,15.7,12.29,15.33
2010,0.616,0.0,0.5784257705112725,71.9,71.75,66.49,14.27,0.0,0.0
2008,0.766,0.7613179789619121,0.767224849057583,69.38,78.47,68.68,14.64,13.39,11.99
2021,0.683,0.0,0.0,73.33,78.47,67.45,15.23,10.26,15.33
2012,0.74,0.6627821510172024,0.6947334331252571,72.4,69.33,69.29,14.62,9.06,14.16
1993,0.766,0.5777408609281547,0.6087539028233353,75.16,76.32,66.6,15.7,9.45,0.0
2010,0.63,0.5912192803309245,0.730392630168074,69.25,72.71,67.52,14.67,9.41,12.15
2008,0.719,0.7613179789619121,0.7225804151689958,66.38,74.97,63.65,15.7,11.44,11.78
1991,0.616,0.7613179789619121,0.0,69.97,75.38,72.07,15.34,0.0,5.33
2004,0.721,0.7613179789619121,0.6137782116111222,71.38,74.1,72.03,15.7,12.49,1.39
2017,0.666,0.7613179789619121,0.767224849057583,69.34,75.64,63.92,15.7,14.82,14.53
1993,0.707,0.7613179789619121,0.10722161113165517,74.92,78.47,72.2,15.32,13.22,12.8
2017,0.713,0.725929665664215,0.767224849057583,67.97,69.67,63.44,14.84,16.08,0.0
2012,0.661,0.5743737468062646,0.2318152986100555,69.58,69.57,69.76,15.7,10.47,15.33
2001,0.67,0.6168607743290193,0.636631070980726,75.13,74.64,63.81,15.7,8.09,0.0
2016,0.677,0.22948782497946457,0.1612451034887896,66.31,74.35,67.87,13.87,9.03,15.33
1995,0.75,0.43367894558289655,0.767224849057583,71.41,75.15,72.07,15.7,13.12,13.81
1998,0.661,0.46233794051310656,0.2960288590958324,66.31,78.47,64.16,15.7,12.69,2.86
2021,0.616,0.7613179789619121,0.767224849057583,71.02,76.43,68.6,14.49,14.78,13.66
1999,0.643,0.7613179789619121,0.767224849057583,75.34,78.47,70.96,14.73,10.34,0.0
1991,0.766,0.6924327657055214,0.6703754097189772,75.04,71.72,71.53,15.7,8.83,9.93
2008,0.766,0.7553145113941938,0.6665962536158259,66.31,76.01,63.44,15.7,16.08,13.07
2011,0.638,0.7613179789619121,0.767224849057583,69.02,76.32,70.48,15.53,0.0,11.63
2000,0.643,0.7613179789619121,0.4908328421417709,67.36,75.09,69.42,14.22,0.0,15.33
2010,0.652,0.08946068857995804,0.767224849057583,66.31,76.9,70.61,15.7,14.03,0.0
2000,0.616,0.6911773271696743,0.767224849057583,68.51,73.89,71.03,13.31,8.8,15.33
2003,0.727,0.7613179789619121,0.3183773083853819,67.44,78.22,69.82,15.33,11.69,1.03
2015,0.698,0.7613179789619121,0.767224849057583,66.31,78.47,64.63,13.85,14.22,15.33
1991,0.657,0.7613179789619121,0.767224849057583,70.89,78.47,72.2,15.7,11.24,15.33
2018,0.67,0.6886099857735875,0.5406203902369862,66.31,76.94,72.2,12.49,11.28,15.33
2021,0.695,0.6878952212413265,0.767224849057583,66.33,70.37,67.55,12.74,10.0,15.33
1993,0.766,0.7478907346863058,0.6348936549369727,73.8,78.47,70.0,15.7,0.0,15.33
2019,0.766,0.1503916107705813,0.767224849057583,71.25,78.47,69.72,12.62,10.25,15.33
2012,0.616,0.5505562097053738,0.767224849057583,71.57,69.33,72.2,14.8,10.53,6.67
2018,0.766,0.7613179789619121,0.7230134909441946,74.01,69.56,70.85,15.63,0.0,0.0
2004,0.729,0.7166318317516988,0.7041198825817051,73.57,73.19,69.58,15.7,0.0,14.02
2021,0.732,0.7613179789619121,0.5970129586104601,70.98,78.47,66.87,14.64,16.08,10.12
2000,0.723,0.5774991636490581,0.718284640507304,66.31,78.47,71.08,15.7,15.27,15.33
2001,0.766,0.0,0.6270880230914615,71.15,78.47,72.2,15.7,11.58,15.33
2021,0.664,0.7613179789619121,0.5176281652189617,69.79,75.25,64.91,15.7,10.24,3.99
2005,0.665,0.2541432851879197,0.7001320346885966,73.36,77.36,67.1,13.35,11.75,15.29
1991,0.685,0.0,0.767224849057583,69.92,77.36,71.64,12.5,0.0,15.33
2014,0.766,0.7613179789619121,0.6535848882564881,71.33,75.58,64.16,15.24,0.0,15.33
1997,0.766,0.7365630259460053,0.767224849057583,68.28,78.47,64.5,14.77,0.0,15.33
2001,0.697,0.0,0.767224849057583,67.91,70.27,71.53,14.94,8.67,4.75
1997,0.724,0.7613179789619121,0.7240207425493622,74.51,75.9,69.19,15.7,14.35,11.17
1994,0.696,0.5872657122588391,0.767224849057583,74.57,69.33,72.2,14.88,10.31,6.75
1995,0.616,0.7613179789619121,0.5574855851333302,73.11,71.4,63.44,14.78,12.23,11.29
1997,0.75,0.7613179789619121,0.767224849057583,72.03,78.47,66.25,14.96,0.0,14.33
2003,0.672,0.0,0.767224849057583,68.31,78.47,70.61,13.18,0.0,13.35
2011,0.645,0.0,0.6274602406223655,66.31,71.73,63.44,14.06,0.0,7.82
2002,0.766,0.6280549759079491,0.7344289323707116,74.31,78.47,70.82,15.7,5.37,9.84
2010,0.766,0.7613179789619121,0.767224849057583,73.86,76.22,65.65,14.85,8.23,15.33
1993,0.756,0.7166533581900082,0.767224849057583,68.11,77.1,70.8,15.7,10.8,1.97
2012,0.633,0.7613179789619121,0.07337417506515366,73.62,75.49,71.38,14.76,11.91,15.14
2000,0.766,0.6378572493541149,0.767224849057583,68.63,71.31,69.83,13.99,8.44,0.0
2019,0.657,0.48681735153355693,0.767224849057583,69.33,76.41,69.3,15.11,11.11,0.0
2006,0.748,0.5115624157363972,0.767224849057583,67.15,76.81,69.18,15.7,0.0,7.65
2020,0.716,0.7239586057678379,0.767224849057583,72.03,75.18,63.44,15.7,11.21,10.83
2019,0.719,0.6173945571211303,0.767224849057583,69.47,73.78,67.46,15.7,13.26,15.33
2018,0.759,0.7490678806305348,0.5007999592002431,73.76,78.47,69.41,15.7,13.27,15.33
2012,0.766,0.07362440390995215,0.6452678147256053,66.31,76.88,72.2,12.33,10.64,15.33
2013,0.703,0.3541200945910921,0.6394082848182231,73.73,75.54,68.56,15.7,9.65,2.79
1997,0.766,0.0,0.12001350425841817,70.89,74.59,67.34,15.27,0.0,5.95
2003,0.66,0.7613179789619121,0.7060202849207085,66.31,74.16,64.28,15.7,9.37,11.79
2006,0.766,0.7613179789619121,0.767224849057583,73.62,70.95,63.44,15.7,11.03,15.33
2004,0.629,0.5226743066128349,0.508203158660239,74.57,77.47,70.31,15.7,14.19,0.0
2000,0.766,0.6651674818938513,0.767224849057583,75.34,78.47,70.46,15.7,0.0,14.01
1991,0.766,0.647451811823011,0.517534543386527,73.14,78.45,64.71,15.7,11.2,12.0
2008,0.722,0.74218090719904,0.767224849057583,72.66,78.47,67.53,14.31,0.0,15.33
1996,0.766,0.6211691732067962,0.32582240255880124,66.31,77.84,69.36,13.94,0.0,0.0
2019,0.703,0.7613179789619121,0.767224849057583,70.1,71.66,63.44,15.7,0.0,15.33
2001,0.649,0.7552752333912213,0.6975499026914234,70.73,78.47,69.82,14.46,8.52,7.04
2002,0.766,0.715123718510533,0.507469677588649,70.75,78.47,68.64,15.7,11.24,15.33
2017,0.704,0.7613179789619121,0.451612227555399,73.28,71.51,63.44,15.7,13.9,6.31
2020,0.711,0.7613179789619121,0.5367051464286655,66.31,78.1,72.2,15.7,0.0,15.33
2021,0.721,0.2712229994064587,0.767224849057583,75.16,77.39,68.3,15.03,7.28,15.33
1996,0.671,0.7578469240505284,0.03674296310476501,70.11,75.47,72.2,15.17,11.81,10.18
2004,0.616,0.7613179789619121,0.767224849057583,66.31,78.47,70.97,14.31,10.2,15.33
2021,0.66,0.6078137390264488,0.5989567671674294,66.31,73.83,72.2,12.33,16.0,13.14
2010,0.664,0.7613179789619121,0.7246969782626267,72.76,74.91,67.55,15.7,11.69,12.58
2015,0.636,0.5493979476415606,0.0,66.58,77.67,68.23,13.79,10.92,15.33
2005,0.764,0.7097434640535374,0.04585983295273026,66.31,76.19,69.35,12.52,0.0,15.33
2006,0.725,0.11762296699476449,0.767224849057583,66.31,77.24,66.68,15.7,13.45,0.0
2015,0.742,0.0,0.7487164257992953,66.54,71.46,67.25,15.18,12.96,10.38
2005,0.757,0.7613179789619121,0.57949995723125,72.18,72.99,68.18,15.7,0.0,5.99
2000,0.728,0.0,0.767224849057583,71.5,74.11,67.88,14.58,0.0,9.29
2017,0.687,0.6506163895957428,0.4654290624735788,66.31,69.58,63.54,14.68,11.35,0.84
2012,0.722,0.5955300148157336,0.4490010509765199,73.21,78.39,69.15,15.7,12.03,15.33
1991,0.627,0.7106376006631913,0.62192552187595,66.31,75.86,65.77,13.83,12.26,4.25
1998,0.669,0.2653688783132581,0.767224849057583,72.32,78.47,63.44,15.6,15.65,14.48
1997,0.762,0.7476320413294699,0.09886542213104169,66.31,75.97,67.89,12.33,7.18,14.89
2008,0.625,0.7613179789619121,0.7544364957289547,71.39,77.25,63.44,15.7,14.02,0.0
1994,0.766,0.7613179789619121,0.49064882925550213,66.31,77.88,63.44,15.7,9.11,15.33
2012,0.766,0.7613179789619121,0.7546877005562975,70.01,78.47,68.66,14.44,0.0,0.0
2007,0.616,0.22443635319878752,0.767224849057583,68.28,72.51,64.44,15.7,8.8,15.33
1995,0.616,0.7613179789619121,0.767224849057583,66.57,73.33,70.96,15.7,7.52,4.46
2007,0.766,0.7559064092404795,0.5417230054504145,69.32,73.42,71.09,15.7,0.0,15.33
2016,0.666,0.0,0.767224849057583,66.31,77.06,70.6,15.7,15.15,13.43
2018,0.757,0.58939049417106,0.767224849057583,66.31,72.06,66.26,13.79,0.08,14.01
2021,0.754,0.6868991053298742,0.027461861233450527,73.7,75.39,68.96,15.7,8.86,12.89
2003,0.634,0.7157121700193745,0.0,71.69,78.01,67.75,15.17,12.07,15.33
2021,0.644,0.5515961226389188,0.767224849057583,72.18,78.47,71.51,15.7,9.43,10.33
2002,0.682,0.662758259337749,0.0,75.34,76.19,71.32,15.7,8.81,15.33
2001,0.765,0.6449621776533715,0.6789536810876547,69.65,77.95,71.56,15.7,8.97,11.5
2005,0.766,0.1694624093250487,0.767224849057583,69.02,78.47,66.23,15.43,15.25,13.81
2016,0.707,0.0,0.505692867270064,66.31,75.41,67.97,13.43,0.0,15.33
2018,0.669,0.7613179789619121,0.767224849057583,73.66,78.47,72.2,15.7,9.88,15.33
2020,0.616,0.6054719856599532,0.767224849057583,71.17,78.47,70.15,15.7,11.18,1.71
2015,0.623,0.7613179789619121,0.767224849057583,71.49,71.11,63.44,14.34,8.25,12.08
1998,0.716,0.7613179789619121,0.767224849057583,72.6,75.15,66.72,15.7,0.0,13.34
2011,0.67,0.7290239249823701,0.6194854999203333,69.72,74.23,70.63,13.63,3.98,0.0
2012,0.623,0.2246724980808587,0.0,66.31,77.29,66.15,15.35,13.64,15.33
2014,0.694,0.0,0.767224849057583,67.47,71.95,69.83,13.15,0.0,3.96
2020,0.766,0.704622481001484,0.5798827809130704,66.31,76.81,63.44,15.7,0.0,15.33
2011,0.654,0.24307853584317446,0.767224849057583,67.29,77.4,72.2,12.87,8.86,15.33
2001,0.739,0.0,0.767224849057583,69.23,69.33,72.2,15.7,11.42,6.19
2014,0.766,0.5204044126747285,0.7547512460802833,66.72,73.86,63.63,14.75,11.4,15.33
2017,0.616,0.7245169190191452,0.767224849057583,70.34,73.46,64.59,15.7,9.45,13.26
2008,0.657,0.0,0.6483521647710692,75.34,75.73,70.24,14.26,7.68,1.23
1996,0.766,0.040768153075715526,0.6168880482549245,66.31,72.81,68.99,14.87,8.03,0.0
2004,0.766,0.7613179789619121,0.7180590248061447,70.99,76.21,64.45,13.99,8.17,15.33
2021,0.736,0.197077145923936,0.767224849057583,66.9,76.37,69.69,15.7,9.69,15.16
2006,0.715,0.5687673767593173,0.10002797449044504,73.07,77.55,68.04,13.7,10.16,14.42
2016,0.621,0.7613179789619121,0.767224849057583,67.1,78.47,67.41,15.7,7.26,15.33
1993,0.622,0.6700871864001576,0.767224849057583,68.69,78.12,69.41,14.52,8.82,15.33
2011,0.646,0.6740081906077817,0.11135866854002066,66.31,77.2,70.6,15.13,15.89,5.82
2008,0.724,0.7613179789619121,0.767224849057583,69.77,78.47,66.21,15.15,10.24,2.26
2012,0.712,0.02937802027478885,0.7149548439593807,66.91,74.2,68.33,14.14,9.65,8.56
2002,0.727,0.24003190193467794,0.0,73.76,77.19,63.44,15.52,12.24,14.26
2007,0.648,0.7613179789619121,0.767224849057583,67.75,75.82,65.91,14.6,13.18,15.33
1991,0.631,0.7584999720694002,0.15816266166731757,66.31,70.39,66.03,13.78,2.95,4.94
1992,0.616,0.6042731929117016,0.0,71.49,70.39,67.93,15.7,13.06,3.5
2020,0.681,0.695891395818242,0.7611127788472356,74.0,77.24,65.86,12.54,0.0,15.33
2012,0.755,0.6133096506656326,0.767224849057583,69.17,76.77,72.2,14.35,13.14,1.82
2008,0.67,0.7613179789619121,0.542634273674328,66.31,76.05,63.59,14.93,12.64,9.29
1996,0.681,0.3951273714503859,0.767224849057583,69.59,75.31,69.75,13.29,11.26,11.87
2014,0.675,0.7613179789619121,0.6372466640068902,66.31,69.33,67.52,13.78,8.12,15.33
2017,0.675,0.7613179789619121,0.767224849057583,74.36,78.47,71.36,15.7,9.8,15.33
2006,0.662,0.6524578313506038,0.6238102508118344,69.67,69.36,72.2,14.04,8.4,12.39
2011,0.707,0.10896553775141289,0.767224849057583,75.27,77.39,68.44,15.7,7.27,15.33
2002,0.759,0.7613179789619121,0.0,66.31,74.39,69.72,14.96,0.0,0.36
2021,0.737,0.7613179789619121,0.6896749874473408,67.17,74.56,66.57,15.69,8.57,0.0
2014,0.686,0.7613179789619121,0.6281460736051813,71.73,76.56,71.45,15.7,9.29,0.93
2021,0.668,0.7613179789619121,0.5823419811949407,71.49,76.57,69.87,14.9,16.08,2.66
2011,0.644,0.7478372118218974,0.6190241942590817,71.33,72.04,72.2,15.7,7.92,15.33
2016,0.766,0.5088077783944034,0.767224849057583,66.31,78.47,66.98,14.44,9.61,15.33
2009,0.658,0.003585535874254149,0.0,66.31,78.42,70.11,15.4,0.0,8.38
2007,0.734,0.7613179789619121,0.04065146648563211,70.22,77.68,69.64,15.7,10.99,14.74
1995,0.757,0.6871762230554666,0.18944621147266716,71.08,77.27,66.49,14.22,13.72,14.9
2003,0.719,0.7613179789619121,0.7386896940957273,70.11,78.47,70.04,15.7,15.29,2.26
2007,0.651,0.5777118853521912,0.767224849057583,66.31,76.87,68.73,12.61,0.0,15.33
2012,0.766,0.7045546510805905,0.767224849057583,66.31,78.47,70.78,15.7,0.0,8.68
2018,0.749,0.7613179789619121,0.767224849057583,68.76,77.31,70.66,15.7,16.08,11.71
1991,0.692,0.7613179789619121,0.43379034699837676,72.65,76.34,69.59,15.7,12.06,13.52
2013,0.766,0.5684550376113872,0.5384928517816547,70.42,74.18,70.72,15.45,9.45,12.12
1998,0.766,0.5880194284529897,0.767224849057583,68.2,74.23,69.19,14.1,12.04,14.57
2004,0.616,0.12377077807963377,0.767224849057583,70.37,74.15,72.2,15.7,0.0,13.94
1995,0.654,0.680349047603013,0.6003910088339084,75.34,71.23,66.52,15.7,0.0,15.33
2001,0.654,0.12583424015484096,0.5506578769549004,74.98,76.45,67.47,15.7,8.96,11.67
2014,0.692,0.6776873131462802,0.49910868197642894,70.06,77.86,66.25,13.26,12.5,9.26
2018,0.766,0.7613179789619121,0.5148238258115003,71.72,78.18,68.77,15.7,8.67,15.33
1994,0.663,0.7613179789619121,0.5454783846738298,69.95,78.47,72.2,14.37,10.83,12.47
2002,0.677,0.2401709872677622,0.767224849057583,72.18,76.99,70.13,15.7,0.0,13.71
2007,0.671,0.7613179789619121,0.6865726706175984,74.39,78.47,70.64,15.7,11.97,15.15
2021,0.678,0.7613179789619121,0.767224849057583,67.36,77.17,64.58,15.7,8.75,11.44
2001,0.735,0.69071410283186,0.767224849057583,67.99,75.12,65.81,15.7,0.37,13.63
2008,0.616,0.7344066928510686,0.6701427553384705,71.29,78.47,69.39,15.03,0.0,14.63
2019,0.616,0.6487464347034034,0.3389849283434399,72.37,72.36,67.2,15.27,7.64,0.0
2005,0.766,0.72475185679393,0.767224849057583,75.34,73.43,72.2,15.7,11.52,15.33
2009,0.766,0.658069446269483,0.7184048269082863,71.63,77.23,69.23,15.51,0.0,15.33
2000,0.722,0.7613179789619121,0.6139069946909522,72.37,76.54,67.99,14.4,9.62,11.65
2005,0.697,0.03859076268443371,0.767224849057583,74.97,75.58,71.82,15.7,11.21,15.33
2006,0.629,0.7613179789619121,0.48147829957179245,73.25,69.33,63.44,14.28,12.56,12.13
2004,0.663,0.602545194926976,0.6645874344828959,67.53,72.24,67.93,14.48,10.28,6.59
1997,0.663,0.7613179789619121,0.0,66.87,72.92,64.73,13.54,8.26,15.33
1996,0.616,0.5460194891426571,0.5633654371097555,66.31,76.4,72.12,12.33,4.26,15.33
2014,0.695,0.07916363573057036,0.767224849057583,70.73,74.99,72.2,15.65,14.12,8.82
2010,0.703,0.7336816902819674,0.0629980841826396,69.05,76.92,63.44,15.27,0.0,13.92
2015,0.616,0.7613179789619121,0.767224849057583,66.31,69.33,67.97,13.24,11.15,15.33
2015,0.716,0.44198792574801743,0.0,68.44,77.12,67.24,15.7,11.38,4.13
2006,0.649,0.3048956978473236,0.6338924319322478,66.31,73.1,63.44,14.54,9.55,12.57
1995,0.624,0.7613179789619121,0.5932135393940796,70.91,72.1,70.16,15.7,16.08,11.22
2003,0.616,0.0,0.456920870656693,66.31,75.29,69.73,13.2,13.02,15.33
2012,0.763,0.75707698738749,0.751957439128971,67.47,76.72,69.9,14.83,9.79,14.43
2017,0.636,0.06850065494188391,0.767224849057583,68.52,76.43,71.46,15.7,7.13,0.15
1996,0.766,0.7613179789619121,0.7251139399399978,66.31,74.66,71.2,12.84,8.14,14.88
2017,0.616,0.7613179789619121,0.0,73.06,76.4,66.83,13.98,13.35,0.0
2010,0.766,0.0,0.767224849057583,73.01,78.47,68.04,14.46,15.75,15.33
2012,0.764,0.6215897932040538,0.661663750821406,68.79,78.47,69.24,14.46,10.65,6.08
2005,0.695,0.2223872921158901,0.5448975519955267,66.31,76.36,64.7,15.06,8.2,5.22
2008,0.657,0.7613179789619121,0.3833635638997524,73.48,77.62,70.28,15.02,9.0,15.33
2013,0.66,0.046537965702910605,0.767224849057583,69.9,74.84,64.66,14.67,9.19,0.0
2019,0.616,0.0,0.6624904410347335,66.37,77.73,69.25,15.7,16.05,15.33
2006,0.67,0.27521788176089945,0.6244358250572877,72.14,75.06,63.44,15.32,8.25,15.33
1992,0.646,0.0,0.2577325967502013,66.31,78.47,68.36,15.7,0.81,12.64
1996,0.64,0.3961588670494231,0.767224849057583,66.31,76.62,69.15,14.78,10.64,15.33
1994,0.747,0.7613179789619121,0.5972355168078408,69.2,78.47,64.03,15.7,0.0,15.33
1999,0.668,0.49369814528427736,0.767224849057583,71.8,71.83,63.44,15.7,0.0,15.33
1992,0.74,0.6973123595268994,0.5059017123451373,71.8,75.04,65.79,14.23,15.05,6.6
1999,0.705,0.7613179789619121,0.5059142817246555,71.55,77.95,72.2,15.7,11.55,12.77
2004,0.709,0.0,0.767224849057583,66.52,75.86,69.83,14.5,11.01,10.28
2005,0.671,0.16882993304631083,0.767224849057583,75.34,70.23,71.21,13.42,16.08,8.79
2005,0.651,0.613329166740433,0.0,66.31,71.21,65.79,14.94,9.39,10.85
1995,0.766,0.565310678351661,0.767224849057583,73.2,77.34,69.53,15.3,7.5,15.33
1996,0.766,0.7613179789619121,0.767224849057583,71.51,76.48,72.2,15.7,11.5,15.33
2011,0.624,0.7613179789619121,0.575918073176908,74.33,76.2,71.08,15.63,0.0,5.66
2019,0.758,0.6747152590514571,0.767224849057583,67.37,75.45,72.2,14.41,14.52,4.86
2009,0.694,0.7301307085696346,0.767224849057583,67.11,69.56,68.12,15.32,0.0,13.79
2005,0.72,0.3625768124566115,0.767224849057583,66.31,78.47,69.85,15.7,7.65,10.26
2013,0.672,0.7613179789619121,0.7271993997885969,66.31,75.0,71.52,15.36,0.0,15.33
2000,0.668,0.7613179789619121,0.767224849057583,66.31,77.42,70.46,15.7,11.98,2.78
2020,0.763,0.24482433243270407,0.767224849057583,66.93,78.47,70.31,14.75,10.08,3.36
2011,0.762,0.7613179789619121,0.4824215454291521,67.11,78.31,63.44,14.42,9.87,12.38
2007,0.716,0.7613179789619121,0.767224849057583,69.39,77.18,72.2,15.42,10.04,15.33
2016,0.763,0.7613179789619121,0.0,74.07,78.47,69.7,13.55,11.45,0.74
1996,0.616,0.1985084848782549,0.6947995255404025,74.39,75.67,67.76,15.7,0.0,10.79
1994,0.688,0.5480360875616298,0.767224849057583,75.07,76.3,72.2,15.7,9.41,5.64
2019,0.635,0.7613179789619121,0.767224849057583,70.94,71.45,68.21,15.7,0.0,15.33
2011,0.7,0.682435669559738,0.767224849057583,66.31,77.56,66.88,12.33,0.0,3.42
1998,0.682,0.08216008198466858,0.767224849057583,67.0,78.47,70.29,15.7,13.35,2.98
2011,0.616,0.6397870285669282,0.767224849057583,69.89,73.78,63.44,15.43,11.0,13.28
2013,0.766,0.0,0.6091937367771734,72.11,71.86,67.67,15.2,8.76,15.33
2001,0.675,0.7613179789619121,0.6324683306657554,70.66,78.26,72.2,15.7,16.08,15.33
2018,0.616,0.6443574778707966,0.0,66.31,76.62,72.2,15.7,7.93,8.61
2021,0.713,0.7613179789619121,0.6376560885519312,66.31,69.33,65.39,14.86,13.97,15.33
2016,0.721,0.7613179789619121,0.2702623442594416,66.49,78.27,72.03,15.7,9.54,9.86
2018,0.661,0.7613179789619121,0.767224849057583,75.06,77.16,72.2,14.42,11.67,15.33
1997,0.715,0.7613179789619121,0.4016629754538855,74.49,75.2,68.93,15.47,11.43,15.33
2000,0.689,0.7613179789619121,0.10447714282796354,73.48,78.47,70.71,15.7,9.84,15.33
2016,0.749,0.2714631075043972,0.767224849057583,72.83,78.33,68.67,15.7,8.37,7.36
1996,0.731,0.678537193130719,0.767224849057583,71.54,78.47,72.2,15.7,13.42,15.33
1992,0.616,0.7613179789619121,0.6781080719536546,74.19,78.47,71.35,15.7,11.11,15.33
1992,0.695,0.7340098811187277,0.3545256621724319,70.76,76.51,67.25,15.7,8.34,15.33
2000,0.703,0.6948586331202605,0.767224849057583,71.96,75.15,70.51,15.51,13.42,7.73
2000,0.687,0.7613179789619121,0.767224849057583,72.36,77.97,66.05,13.53,10.32,15.33
2021,0.616,0.7613179789619121,0.767224849057583,68.71,76.13,71.9,15.09,9.32,7.32
1992,0.766,0.7613179789619121,0.25917427866974524,74.05,78.47,67.12,15.26,9.6,8.51
1999,0.676,0.0,0.5922723569902056,73.49,71.71,70.41,15.7,8.97,3.03
2001,0.766,0.7613179789619121,0.7534952455258946,72.07,78.47,72.2,15.7,14.33,0.0
2000,0.664,0.7613179789619121,0.767224849057583,66.31,78.47,72.2,15.7,11.09,8.24
1997,0.692,0.5543441662632863,0.767224849057583,70.63,76.32,66.08,13.42,0.0,15.33
2007,0.699,0.7613179789619121,0.6312559279357277,69.48,76.54,67.02,15.7,9.55,6.61
2007,0.632,0.7613179789619121,0.5937992654049344,69.11,77.44,68.1,15.7,0.0,15.33
2008,0.735,0.7613179789619121,0.12937327274281624,66.31,71.63,70.23,15.7,14.62,15.33
2009,0.766,0.7330335578671189,0.767224849057583,71.38,78.39,65.32,15.0,9.22,14.55
2020,0.766,0.715331442658519,0.767224849057583,66.84,78.46,67.55,15.22,13.96,13.07
1999,0.675,0.1740908568615967,0.6377254382757932,70.73,75.56,63.44,15.7,0.0,10.04
2021,0.733,0.6301294632446797,0.7208289256355228,71.41,75.38,71.7,13.81,10.23,12.67
2017,0.766,0.7613179789619121,0.44651740761421665,69.41,76.97,64.97,14.88,15.13,15.27
2013,0.766,0.7613179789619121,0.10507176424220324,67.64,75.98,71.03,14.3,15.36,4.35
2001,0.718,0.7613179789619121,0.767224849057583,74.04,75.61,67.33,15.7,10.7,3.73
2000,0.616,0.7613179789619121,0.2473814934808704,73.19,69.33,72.2,13.31,9.99,6.85
1998,0.747,0.6703833021523742,0.1519040143668504,69.4,69.33,66.01,15.37,13.0,12.57
2010,0.744,0.7613179789619121,0.6225532067395401,68.26,76.74,68.75,13.41,9.91,15.33
2019,0.766,0.7613179789619121,0.767224849057583,70.32,78.47,67.96,15.7,14.68,8.25
1998,0.766,0.7613179789619121,0.3094006056376936,68.28,78.31,71.67,15.7,9.66,14.94
1997,0.616,0.6758531884560564,0.767224849057583,71.37,69.84,67.94,15.7,9.25,15.3
2004,0.766,0.7613179789619121,0.665291419960804,72.1,73.38,67.71,14.28,10.36,12.76
2006,0.616,0.7613179789619121,0.022160689894775498,67.89,73.72,63.44,15.33,12.59,0.97
1994,0.722,0.12631240607320243,0.4614525896140385,66.74,72.06,67.41,15.7,10.05,5.62
1999,0.627,0.7613179789619121,0.767224849057583,68.96,77.03,68.5,15.7,0.0,15.33
1997,0.766,0.721156324401847,0.7650660668422501,73.03,78.47,69.72,14.18,9.87,11.09
2002,0.679,0.36759061406666904,0.672876654339513,71.05,78.47,67.94,14.25,14.36,7.98
2004,0.645,0.7206031952908352,0.7189655241495448,70.96,78.47,64.43,13.85,10.04,12.81
2017,0.766,0.7613179789619121,0.7480639470681798,75.1,69.33,63.6,15.7,0.0,15.01
2001,0.766,0.6479834990078098,0.575881945054165,66.31,75.16,70.85,13.34,14.07,15.33
1991,0.683,0.7613179789619121,0.767224849057583,70.02,77.72,70.27,15.7,9.82,7.34
2014,0.681,0.7550147400364845,0.66525707230364,72.47,78.47,72.2,15.7,8.58,0.0
2021,0.639,0.7168852359683617,0.5049317241306035,69.06,78.3,72.2,14.61,10.61,2.71
2009,0.727,0.40946071441207493,0.0,71.91,77.24,70.05,15.28,9.56,3.39
2002,0.616,0.7613179789619121,0.7210526213116375,66.31,74.66,69.97,15.16,11.49,2.74
1995,0.653,0.4997478730372789,0.767224849057583,72.79,72.85,71.21,13.71,8.99,15.33
2007,0.685,0.7613179789619121,0.0051747593723586865,75.34,75.84,72.1,14.08,10.72,11.94
2011,0.644,0.0,0.15456273011963603,67.54,78.34,72.2,15.7,9.03,15.33
2014,0.766,0.7613179789619121,0.017367160470865048,72.0,74.92,66.98,15.7,7.55,15.33
1996,0.766,0.7613179789619121,0.767224849057583,66.31,73.54,71.92,12.95,9.52,15.16
2017,0.766,0.7613179789619121,0.767224849057583,73.66,75.42,68.23,15.7,14.06,13.04
2020,0.681,0.6070150316652567,0.4796594419667513,66.31,78.47,67.6,12.33,12.32,9.09
2004,0.657,0.29919109986364983,0.4084230985771766,66.75,71.53,72.2,15.02,11.93,4.79
2010,0.739,0.0,0.0,70.03,78.01,72.2,15.03,11.46,9.11
2006,0.677,0.7613179789619121,0.6333871570250077,73.35,75.95,65.43,13.88,13.42,13.8
2021,0.645,0.19178074936465006,0.767224849057583,69.7,69.33,65.0,15.7,11.49,11.18
1993,0.718,0.7613179789619121,0.767224849057583,66.31,78.47,72.09,14.53,12.8,9.6
2008,0.766,0.7276532338980092,0.767224849057583,67.95,70.87,72.2,15.7,0.0,15.33
2009,0.648,0.6758019748572476,0.767224849057583,66.31,72.37,66.38,14.2,0.0,8.97
2014,0.718,0.7039660759133566,0.5543587810062947,71.52,78.47,69.87,13.14,9.45,12.73
2017,0.68,0.7613179789619121,0.2523448697670114,69.23,76.72,72.2,15.7,16.08,15.33
1994,0.766,0.7613179789619121,0.7407920657880105,72.78,74.35,64.84,13.67,0.0,15.33
1992,0.765,0.6265209855018405,0.767224849057583,66.31,77.98,71.72,15.7,0.0,15.33
1995,0.626,0.483041548932025,0.14455910859982543,66.31,77.27,70.64,15.04,16.08,0.98
2018,0.766,0.4626029386221745,0.6447778329564846,71.83,78.47,65.59,13.05,13.27,15.33
2012,0.745,0.7613179789619121,0.0,74.85,73.73,70.18,15.7,14.38,11.96
2019,0.64,0.6228461507632195,0.767224849057583,66.31,75.66,67.34,15.7,10.8,1.87
1997,0.616,0.014953069025294169,0.767224849057583,67.52,76.28,69.91,14.15,13.33,11.54
1997,0.659,0.6787634894521672,0.00029806514361539055,69.83,74.32,67.2,14.03,9.37,2.62
1993,0.676,0.7613179789619121,0.5313924022170733,66.31,75.73,72.2,15.7,0.0,15.33
2005,0.641,0.7510875221775706,0.19104563684057668,72.58,76.33,70.0,15.7,13.6,6.82
2010,0.646,0.7613179789619121,0.0,66.74,73.79,67.4,15.1,11.38,6.32
2002,0.766,0.7613179789619121,0.7182265283142775,70.39,73.89,69.22,13.15,0.0,15.33
2017,0.635,0.7320019893140862,0.06777004409857271,71.81,69.33,69.96,13.41,0.0,15.33
2016,0.616,0.7613179789619121,0.3481271675219209,66.31,73.68,65.25,15.7,0.0,0.0
2000,0.704,0.569042755950352,0.6001060989677728,67.04,71.42,63.44,15.7,13.09,15.33
1992,0.704,0.6707119085984058,0.2328167265961471,71.22,72.31,66.36,15.7,13.51,15.33
2021,0.616,0.3904398288336785,0.6463571707764931,66.31,78.47,71.77,15.7,0.0,15.01
1997,0.716,0.7613179789619121,0.6807125246219612,69.95,76.39,63.44,15.61,7.93,15.33
1998,0.663,0.0,0.7189364236058751,70.44,75.34,71.62,15.7,0.0,14.41
2017,0.752,0.0,0.767224849057583,66.31,77.16,67.24,14.11,9.82,3.44
1991,0.759,0.7613179789619121,0.7017992446752914,73.05,77.36,71.82,15.01,12.36,15.33
2013,0.736,0.3554385701826564,0.32416481735002983,72.4,76.84,69.69,15.7,11.01,15.33
2004,0.616,0.7613179789619121,0.767224849057583,70.69,78.47,69.74,15.7,0.0,0.0
2001,0.715,0.05090101879424326,0.7255230995523502,69.29,75.09,71.93,15.7,10.91,15.33
2017,0.766,0.7103509568511476,0.5039907657588223,66.31,76.98,68.6,13.62,15.16,5.93
2012,0.732,0.09627788584381412,0.767224849057583,68.04,69.33,70.54,14.42,14.99,15.33
2006,0.676,0.7613179789619121,0.767224849057583,74.71,78.47,67.3,13.64,0.0,15.33
2006,0.671,0.7613179789619121,0.04160500846611555,74.19,71.67,65.22,13.45,7.11,15.33
2011,0.72,0.26829422212031195,0.767224849057583,68.46,76.05,72.2,14.62,8.56,15.33
2002,0.653,0.1523224620732794,0.2835992504193069,66.31,76.1,70.98,14.38,13.38,11.42
2019,0.765,0.5007962833475506,0.0,69.4,78.47,63.49,15.26,0.0,0.0
2004,0.71,0.2595446971577478,0.7609450259744337,66.31,73.88,72.2,14.89,0.0,6.8
1995,0.766,0.6758676499026054,0.767224849057583,73.51,78.47,64.77,15.7,12.05,15.33
2021,0.739,0.7613179789619121,0.767224849057583,75.3,72.83,68.67,15.7,14.49,15.33
2001,0.766,0.717795089541393,0.728030222804477,70.75,78.47,68.86,15.7,0.0,0.0
2016,0.616,0.709329937218739,0.5868555557671228,66.81,73.65,67.41,15.7,9.24,0.0
1996,0.757,0.5085819445114403,0.767224849057583,68.17,78.47,63.44,14.9,11.66,15.33
2018,0.743,0.714474581828563,0.767224849057583,70.9,78.47,66.26,13.64,12.3,15.33
1995,0.625,0.7613179789619121,0.5054914270452135,72.1,73.48,68.37,15.11,8.56,15.33
1993,0.766,0.7613179789619121,0.4136937346566107,71.26,78.47,67.69,15.7,14.99,11.55
2012,0.749,0.0,0.4266847730415402,67.37,75.23,63.44,14.26,10.01,15.33
2002,0.7,0.7613179789619121,0.6115533606894077,74.53,78.47,72.2,15.7,0.0,15.33
2002,0.766,0.5116820852861509,0.5796053938087853,66.31,78.47,66.35,14.47,9.9,9.89
2020,0.697,0.05339523657275127,0.6368266215197702,74.37,78.47,72.2,15.7,16.08,1.65
2007,0.646,0.53146598806687,0.767224849057583,69.05,74.94,69.25,15.7,11.26,9.37
2004,0.661,0.7573713704588004,0.15731553671622994,66.31,75.75,67.17,15.7,10.84,15.33
2003,0.672,0.7566219215767462,0.46379044703978994,68.35,76.61,67.86,15.31,0.0,14.11
2006,0.724,0.7613179789619121,0.24048944327664235,72.72,72.06,67.39,14.35,14.37,2.07
1993,0.766,0.6719001384321472,0.7598877241995502,70.47,76.09,72.2,15.7,0.0,15.33
2011,0.671,0.6050901285443178,0.767224849057583,72.27,78.07,65.48,14.28,9.71,11.89
1997,0.75,0.38229753917354903,0.6492751180372929,68.8,72.05,67.71,15.34,13.37,3.14
2019,0.669,0.0,0.6623951094836966,68.69,75.86,71.22,14.06,16.08,15.33
2020,0.619,0.5516932698426942,0.767224849057583,67.2,70.83,69.95,13.61,10.83,9.61
1998,0.616,0.27955624936379647,0.767224849057583,75.34,73.49,70.24,15.7,0.0,11.19
2001,0.766,0.6977506165767585,0.767224849057583,74.08,76.62,68.06,15.4,10.61,4.49
2001,0.616,0.655014232271645,0.767224849057583,72.68,77.85,66.19,14.69,0.0,15.33
2012,0.656,0.7613179789619121,0.5186731923933963,69.72,73.37,65.18,15.57,11.63,14.98
2006,0.766,0.6763859878346801,0.0,72.52,77.41,67.06,15.67,0.0,15.33
1996,0.766,0.7613179789619121,0.7348988927454402,69.93,78.47,72.2,15.7,0.0,8.72
2009,0.657,0.6150037735679137,0.637025939335321,66.31,75.63,70.42,15.7,15.99,0.0
2012,0.76,0.7613179789619121,0.767224849057583,69.6,78.17,64.79,15.7,0.0,11.74
1998,0.662,0.0,0.55548216045737,66.31,75.43,72.2,15.0,13.21,13.39
2008,0.729,0.4727419315213285,0.7278184129889136,72.83,73.31,68.88,14.96,10.13,9.77
2001,0.742,0.7613179789619121,0.7312843199031471,68.26,74.51,66.84,14.26,0.0,14.41
1998,0.616,0.0,0.0,69.59,74.85,66.88,15.48,0.0,11.06
2007,0.686,0.2579806983812185,0.767224849057583,69.33,78.47,70.68,15.7,7.79,0.0
1993,0.616,0.7363884759056716,0.5912666179701378,69.61,77.76,68.17,14.75,0.0,15.33
1995,0.766,0.6049076350986138,0.6665515827956523,69.92,78.47,68.35,13.53,13.43,14.94
1993,0.745,0.6638582804938757,0.767224849057583,71.75,78.47,71.51,13.67,9.09,15.33
2020,0.616,0.6910186361352352,0.0,73.97,69.33,64.93,15.7,12.89,2.36
2002,0.755,0.5402646821956534,0.49629460306851536,69.81,76.87,67.54,14.75,9.27,4.84
2017,0.699,0.7613179789619121,0.0,69.1,74.54,68.85,13.63,11.05,15.33
2008,0.617,0.561577792949034,0.767224849057583,69.4,78.47,65.19,14.1,11.56,11.26
2007,0.694,0.7223060664755966,0.767224849057583,70.65,71.66,67.78,14.57,8.85,3.78
2002,0.735,0.7364007597937845,0.767224849057583,68.9,74.78,70.36,15.7,14.12,3.6
2015,0.683,0.7440855771728441,0.7308689776682883,71.99,73.96,72.2,15.7,14.73,15.33
